,ltable_Song_Name,ltable_Artist_Name,ltable_Album_Name,ltable_Genre,ltable_Price,ltable_CopyRight,ltable_Time,ltable_Released,rtable_Song_Name,rtable_Artist_Name,rtable_Album_Name,rtable_Genre,rtable_Price,rtable_CopyRight,rtable_Time,rtable_Released,alteredAttributes,match_score,label
0,VHS Outro ( Interlude ),X Ambassadors,VHS,"Alternative , Music , Rock , Adult Alternative",$ 1.29,2015 KIDinaKORNER/Interscope Records,1:25,30-Jun-15,Renegades,X Ambassadors,VHS [ Clean ],Alternative Rock,$ 1.29,( C ) 2015 KIDinaKORNER/Interscope Records,3:15,"June 30 , 2015","{'rtable_Released', 'rtable_Genre', 'rtable_Song_Name', 'rtable_Artist_Name', 'rtable_Price', 'rtable_Time', 'rtable_Album_Name', 'rtable_CopyRight'}",0.9900262353926897,
255,VHS Outro ( Interlude ),X Ambassadors,VHS,"Alternative , Music , Rock , Adult Alternative",$ 1.29,2015 KIDinaKORNER/Interscope Records,1:25,30-Jun-15,Moving Day ( Interlude ),X Ambassadors,VHS [ Explicit ],Alternative Rock,$ 1.29,( C ) 2015 KIDinaKORNER/Interscope Records,0:19,"June 30 , 2015",,0.006573764607310295,
1,VHS Outro ( Interlude ),X Ambassadors,VHS,"Alternative , Music , Rock , Adult Alternative",$ 1.29,2015 KIDinaKORNER/Interscope Records,1:25,30-Jun-15,Renegades,X Ambassadors,VHS [ Explicit ],Alternative Rock,$ 1.29,( C ) 2015 KIDinaKORNER/Interscope Records,0:19,"June 30 , 2015","('rtable_Song_Name',)",0.6737229228019714,
2,VHS Outro ( Interlude ),X Ambassadors,VHS,"Alternative , Music , Rock , Adult Alternative",$ 1.29,2015 KIDinaKORNER/Interscope Records,1:25,30-Jun-15,Moving Day ( Interlude ),X Ambassadors,VHS [ Explicit ],Alternative Rock,$ 1.29,( C ) 2015 KIDinaKORNER/Interscope Records,0:19,"June 30 , 2015","('rtable_Artist_Name',)",0.0063871522434055,
3,VHS Outro ( Interlude ),X Ambassadors,VHS,"Alternative , Music , Rock , Adult Alternative",$ 1.29,2015 KIDinaKORNER/Interscope Records,1:25,30-Jun-15,Moving Day ( Interlude ),X Ambassadors,VHS [ Clean ],Alternative Rock,$ 1.29,( C ) 2015 KIDinaKORNER/Interscope Records,0:19,"June 30 , 2015","('rtable_Album_Name',)",0.0063538546673953,
4,VHS Outro ( Interlude ),X Ambassadors,VHS,"Alternative , Music , Rock , Adult Alternative",$ 1.29,2015 KIDinaKORNER/Interscope Records,1:25,30-Jun-15,Moving Day ( Interlude ),X Ambassadors,VHS [ Explicit ],Alternative Rock,$ 1.29,( C ) 2015 KIDinaKORNER/Interscope Records,0:19,"June 30 , 2015","('rtable_Genre',)",0.0063871522434055,
5,VHS Outro ( Interlude ),X Ambassadors,VHS,"Alternative , Music , Rock , Adult Alternative",$ 1.29,2015 KIDinaKORNER/Interscope Records,1:25,30-Jun-15,Moving Day ( Interlude ),X Ambassadors,VHS [ Explicit ],Alternative Rock,$ 1.29,( C ) 2015 KIDinaKORNER/Interscope Records,0:19,"June 30 , 2015","('rtable_Price',)",0.0063871522434055,
6,VHS Outro ( Interlude ),X Ambassadors,VHS,"Alternative , Music , Rock , Adult Alternative",$ 1.29,2015 KIDinaKORNER/Interscope Records,1:25,30-Jun-15,Moving Day ( Interlude ),X Ambassadors,VHS [ Explicit ],Alternative Rock,$ 1.29,( C ) 2015 KIDinaKORNER/Interscope Records,0:19,"June 30 , 2015","('rtable_CopyRight',)",0.0063871522434055,
7,VHS Outro ( Interlude ),X Ambassadors,VHS,"Alternative , Music , Rock , Adult Alternative",$ 1.29,2015 KIDinaKORNER/Interscope Records,1:25,30-Jun-15,Moving Day ( Interlude ),X Ambassadors,VHS [ Explicit ],Alternative Rock,$ 1.29,( C ) 2015 KIDinaKORNER/Interscope Records,3:15,"June 30 , 2015","('rtable_Time',)",0.0065424195490777,
8,VHS Outro ( Interlude ),X Ambassadors,VHS,"Alternative , Music , Rock , Adult Alternative",$ 1.29,2015 KIDinaKORNER/Interscope Records,1:25,30-Jun-15,Moving Day ( Interlude ),X Ambassadors,VHS [ Explicit ],Alternative Rock,$ 1.29,( C ) 2015 KIDinaKORNER/Interscope Records,0:19,"June 30 , 2015","('rtable_Released',)",0.0063871522434055,
9,VHS Outro ( Interlude ),X Ambassadors,VHS,"Alternative , Music , Rock , Adult Alternative",$ 1.29,2015 KIDinaKORNER/Interscope Records,1:25,30-Jun-15,Renegades,X Ambassadors,VHS [ Explicit ],Alternative Rock,$ 1.29,( C ) 2015 KIDinaKORNER/Interscope Records,0:19,"June 30 , 2015","('rtable_Song_Name', 'rtable_Artist_Name')",0.6737229228019714,
10,VHS Outro ( Interlude ),X Ambassadors,VHS,"Alternative , Music , Rock , Adult Alternative",$ 1.29,2015 KIDinaKORNER/Interscope Records,1:25,30-Jun-15,Renegades,X Ambassadors,VHS [ Clean ],Alternative Rock,$ 1.29,( C ) 2015 KIDinaKORNER/Interscope Records,0:19,"June 30 , 2015","('rtable_Song_Name', 'rtable_Album_Name')",0.4884942770004272,
11,VHS Outro ( Interlude ),X Ambassadors,VHS,"Alternative , Music , Rock , Adult Alternative",$ 1.29,2015 KIDinaKORNER/Interscope Records,1:25,30-Jun-15,Renegades,X Ambassadors,VHS [ Explicit ],Alternative Rock,$ 1.29,( C ) 2015 KIDinaKORNER/Interscope Records,0:19,"June 30 , 2015","('rtable_Song_Name', 'rtable_Genre')",0.6737229228019714,
12,VHS Outro ( Interlude ),X Ambassadors,VHS,"Alternative , Music , Rock , Adult Alternative",$ 1.29,2015 KIDinaKORNER/Interscope Records,1:25,30-Jun-15,Renegades,X Ambassadors,VHS [ Explicit ],Alternative Rock,$ 1.29,( C ) 2015 KIDinaKORNER/Interscope Records,0:19,"June 30 , 2015","('rtable_Song_Name', 'rtable_Price')",0.6737229228019714,
13,VHS Outro ( Interlude ),X Ambassadors,VHS,"Alternative , Music , Rock , Adult Alternative",$ 1.29,2015 KIDinaKORNER/Interscope Records,1:25,30-Jun-15,Renegades,X Ambassadors,VHS [ Explicit ],Alternative Rock,$ 1.29,( C ) 2015 KIDinaKORNER/Interscope Records,0:19,"June 30 , 2015","('rtable_Song_Name', 'rtable_CopyRight')",0.6737229228019714,
14,VHS Outro ( Interlude ),X Ambassadors,VHS,"Alternative , Music , Rock , Adult Alternative",$ 1.29,2015 KIDinaKORNER/Interscope Records,1:25,30-Jun-15,Renegades,X Ambassadors,VHS [ Explicit ],Alternative Rock,$ 1.29,( C ) 2015 KIDinaKORNER/Interscope Records,3:15,"June 30 , 2015","('rtable_Song_Name', 'rtable_Time')",0.7088086009025574,
15,VHS Outro ( Interlude ),X Ambassadors,VHS,"Alternative , Music , Rock , Adult Alternative",$ 1.29,2015 KIDinaKORNER/Interscope Records,1:25,30-Jun-15,Renegades,X Ambassadors,VHS [ Explicit ],Alternative Rock,$ 1.29,( C ) 2015 KIDinaKORNER/Interscope Records,0:19,"June 30 , 2015","('rtable_Song_Name', 'rtable_Released')",0.6737229228019714,
16,VHS Outro ( Interlude ),X Ambassadors,VHS,"Alternative , Music , Rock , Adult Alternative",$ 1.29,2015 KIDinaKORNER/Interscope Records,1:25,30-Jun-15,Moving Day ( Interlude ),X Ambassadors,VHS [ Clean ],Alternative Rock,$ 1.29,( C ) 2015 KIDinaKORNER/Interscope Records,0:19,"June 30 , 2015","('rtable_Artist_Name', 'rtable_Album_Name')",0.0063538546673953,
17,VHS Outro ( Interlude ),X Ambassadors,VHS,"Alternative , Music , Rock , Adult Alternative",$ 1.29,2015 KIDinaKORNER/Interscope Records,1:25,30-Jun-15,Moving Day ( Interlude ),X Ambassadors,VHS [ Explicit ],Alternative Rock,$ 1.29,( C ) 2015 KIDinaKORNER/Interscope Records,0:19,"June 30 , 2015","('rtable_Artist_Name', 'rtable_Genre')",0.0063871522434055,
18,VHS Outro ( Interlude ),X Ambassadors,VHS,"Alternative , Music , Rock , Adult Alternative",$ 1.29,2015 KIDinaKORNER/Interscope Records,1:25,30-Jun-15,Moving Day ( Interlude ),X Ambassadors,VHS [ Explicit ],Alternative Rock,$ 1.29,( C ) 2015 KIDinaKORNER/Interscope Records,0:19,"June 30 , 2015","('rtable_Artist_Name', 'rtable_Price')",0.0063871522434055,
19,VHS Outro ( Interlude ),X Ambassadors,VHS,"Alternative , Music , Rock , Adult Alternative",$ 1.29,2015 KIDinaKORNER/Interscope Records,1:25,30-Jun-15,Moving Day ( Interlude ),X Ambassadors,VHS [ Explicit ],Alternative Rock,$ 1.29,( C ) 2015 KIDinaKORNER/Interscope Records,0:19,"June 30 , 2015","('rtable_Artist_Name', 'rtable_CopyRight')",0.0063871522434055,
20,VHS Outro ( Interlude ),X Ambassadors,VHS,"Alternative , Music , Rock , Adult Alternative",$ 1.29,2015 KIDinaKORNER/Interscope Records,1:25,30-Jun-15,Moving Day ( Interlude ),X Ambassadors,VHS [ Explicit ],Alternative Rock,$ 1.29,( C ) 2015 KIDinaKORNER/Interscope Records,3:15,"June 30 , 2015","('rtable_Artist_Name', 'rtable_Time')",0.0065424195490777,
21,VHS Outro ( Interlude ),X Ambassadors,VHS,"Alternative , Music , Rock , Adult Alternative",$ 1.29,2015 KIDinaKORNER/Interscope Records,1:25,30-Jun-15,Moving Day ( Interlude ),X Ambassadors,VHS [ Explicit ],Alternative Rock,$ 1.29,( C ) 2015 KIDinaKORNER/Interscope Records,0:19,"June 30 , 2015","('rtable_Artist_Name', 'rtable_Released')",0.0063871522434055,
22,VHS Outro ( Interlude ),X Ambassadors,VHS,"Alternative , Music , Rock , Adult Alternative",$ 1.29,2015 KIDinaKORNER/Interscope Records,1:25,30-Jun-15,Moving Day ( Interlude ),X Ambassadors,VHS [ Clean ],Alternative Rock,$ 1.29,( C ) 2015 KIDinaKORNER/Interscope Records,0:19,"June 30 , 2015","('rtable_Album_Name', 'rtable_Genre')",0.0063538546673953,
23,VHS Outro ( Interlude ),X Ambassadors,VHS,"Alternative , Music , Rock , Adult Alternative",$ 1.29,2015 KIDinaKORNER/Interscope Records,1:25,30-Jun-15,Moving Day ( Interlude ),X Ambassadors,VHS [ Clean ],Alternative Rock,$ 1.29,( C ) 2015 KIDinaKORNER/Interscope Records,0:19,"June 30 , 2015","('rtable_Album_Name', 'rtable_Price')",0.0063538546673953,
24,VHS Outro ( Interlude ),X Ambassadors,VHS,"Alternative , Music , Rock , Adult Alternative",$ 1.29,2015 KIDinaKORNER/Interscope Records,1:25,30-Jun-15,Moving Day ( Interlude ),X Ambassadors,VHS [ Clean ],Alternative Rock,$ 1.29,( C ) 2015 KIDinaKORNER/Interscope Records,0:19,"June 30 , 2015","('rtable_Album_Name', 'rtable_CopyRight')",0.0063538546673953,
25,VHS Outro ( Interlude ),X Ambassadors,VHS,"Alternative , Music , Rock , Adult Alternative",$ 1.29,2015 KIDinaKORNER/Interscope Records,1:25,30-Jun-15,Moving Day ( Interlude ),X Ambassadors,VHS [ Clean ],Alternative Rock,$ 1.29,( C ) 2015 KIDinaKORNER/Interscope Records,3:15,"June 30 , 2015","('rtable_Album_Name', 'rtable_Time')",0.0065117026679217,
26,VHS Outro ( Interlude ),X Ambassadors,VHS,"Alternative , Music , Rock , Adult Alternative",$ 1.29,2015 KIDinaKORNER/Interscope Records,1:25,30-Jun-15,Moving Day ( Interlude ),X Ambassadors,VHS [ Clean ],Alternative Rock,$ 1.29,( C ) 2015 KIDinaKORNER/Interscope Records,0:19,"June 30 , 2015","('rtable_Album_Name', 'rtable_Released')",0.0063538546673953,
27,VHS Outro ( Interlude ),X Ambassadors,VHS,"Alternative , Music , Rock , Adult Alternative",$ 1.29,2015 KIDinaKORNER/Interscope Records,1:25,30-Jun-15,Moving Day ( Interlude ),X Ambassadors,VHS [ Explicit ],Alternative Rock,$ 1.29,( C ) 2015 KIDinaKORNER/Interscope Records,0:19,"June 30 , 2015","('rtable_Genre', 'rtable_Price')",0.0063871522434055,
28,VHS Outro ( Interlude ),X Ambassadors,VHS,"Alternative , Music , Rock , Adult Alternative",$ 1.29,2015 KIDinaKORNER/Interscope Records,1:25,30-Jun-15,Moving Day ( Interlude ),X Ambassadors,VHS [ Explicit ],Alternative Rock,$ 1.29,( C ) 2015 KIDinaKORNER/Interscope Records,0:19,"June 30 , 2015","('rtable_Genre', 'rtable_CopyRight')",0.0063871522434055,
29,VHS Outro ( Interlude ),X Ambassadors,VHS,"Alternative , Music , Rock , Adult Alternative",$ 1.29,2015 KIDinaKORNER/Interscope Records,1:25,30-Jun-15,Moving Day ( Interlude ),X Ambassadors,VHS [ Explicit ],Alternative Rock,$ 1.29,( C ) 2015 KIDinaKORNER/Interscope Records,3:15,"June 30 , 2015","('rtable_Genre', 'rtable_Time')",0.0065424195490777,
30,VHS Outro ( Interlude ),X Ambassadors,VHS,"Alternative , Music , Rock , Adult Alternative",$ 1.29,2015 KIDinaKORNER/Interscope Records,1:25,30-Jun-15,Moving Day ( Interlude ),X Ambassadors,VHS [ Explicit ],Alternative Rock,$ 1.29,( C ) 2015 KIDinaKORNER/Interscope Records,0:19,"June 30 , 2015","('rtable_Genre', 'rtable_Released')",0.0063871522434055,
31,VHS Outro ( Interlude ),X Ambassadors,VHS,"Alternative , Music , Rock , Adult Alternative",$ 1.29,2015 KIDinaKORNER/Interscope Records,1:25,30-Jun-15,Moving Day ( Interlude ),X Ambassadors,VHS [ Explicit ],Alternative Rock,$ 1.29,( C ) 2015 KIDinaKORNER/Interscope Records,0:19,"June 30 , 2015","('rtable_Price', 'rtable_CopyRight')",0.0063871522434055,
32,VHS Outro ( Interlude ),X Ambassadors,VHS,"Alternative , Music , Rock , Adult Alternative",$ 1.29,2015 KIDinaKORNER/Interscope Records,1:25,30-Jun-15,Moving Day ( Interlude ),X Ambassadors,VHS [ Explicit ],Alternative Rock,$ 1.29,( C ) 2015 KIDinaKORNER/Interscope Records,3:15,"June 30 , 2015","('rtable_Price', 'rtable_Time')",0.0065424195490777,
33,VHS Outro ( Interlude ),X Ambassadors,VHS,"Alternative , Music , Rock , Adult Alternative",$ 1.29,2015 KIDinaKORNER/Interscope Records,1:25,30-Jun-15,Moving Day ( Interlude ),X Ambassadors,VHS [ Explicit ],Alternative Rock,$ 1.29,( C ) 2015 KIDinaKORNER/Interscope Records,0:19,"June 30 , 2015","('rtable_Price', 'rtable_Released')",0.0063871522434055,
34,VHS Outro ( Interlude ),X Ambassadors,VHS,"Alternative , Music , Rock , Adult Alternative",$ 1.29,2015 KIDinaKORNER/Interscope Records,1:25,30-Jun-15,Moving Day ( Interlude ),X Ambassadors,VHS [ Explicit ],Alternative Rock,$ 1.29,( C ) 2015 KIDinaKORNER/Interscope Records,3:15,"June 30 , 2015","('rtable_CopyRight', 'rtable_Time')",0.0065424195490777,
35,VHS Outro ( Interlude ),X Ambassadors,VHS,"Alternative , Music , Rock , Adult Alternative",$ 1.29,2015 KIDinaKORNER/Interscope Records,1:25,30-Jun-15,Moving Day ( Interlude ),X Ambassadors,VHS [ Explicit ],Alternative Rock,$ 1.29,( C ) 2015 KIDinaKORNER/Interscope Records,0:19,"June 30 , 2015","('rtable_CopyRight', 'rtable_Released')",0.0063871522434055,
36,VHS Outro ( Interlude ),X Ambassadors,VHS,"Alternative , Music , Rock , Adult Alternative",$ 1.29,2015 KIDinaKORNER/Interscope Records,1:25,30-Jun-15,Moving Day ( Interlude ),X Ambassadors,VHS [ Explicit ],Alternative Rock,$ 1.29,( C ) 2015 KIDinaKORNER/Interscope Records,3:15,"June 30 , 2015","('rtable_Time', 'rtable_Released')",0.0065424195490777,
37,VHS Outro ( Interlude ),X Ambassadors,VHS,"Alternative , Music , Rock , Adult Alternative",$ 1.29,2015 KIDinaKORNER/Interscope Records,1:25,30-Jun-15,Renegades,X Ambassadors,VHS [ Clean ],Alternative Rock,$ 1.29,( C ) 2015 KIDinaKORNER/Interscope Records,0:19,"June 30 , 2015","('rtable_Song_Name', 'rtable_Artist_Name', 'rtable_Album_Name')",0.4884942770004272,
38,VHS Outro ( Interlude ),X Ambassadors,VHS,"Alternative , Music , Rock , Adult Alternative",$ 1.29,2015 KIDinaKORNER/Interscope Records,1:25,30-Jun-15,Renegades,X Ambassadors,VHS [ Explicit ],Alternative Rock,$ 1.29,( C ) 2015 KIDinaKORNER/Interscope Records,0:19,"June 30 , 2015","('rtable_Song_Name', 'rtable_Artist_Name', 'rtable_Genre')",0.6737229228019714,
39,VHS Outro ( Interlude ),X Ambassadors,VHS,"Alternative , Music , Rock , Adult Alternative",$ 1.29,2015 KIDinaKORNER/Interscope Records,1:25,30-Jun-15,Renegades,X Ambassadors,VHS [ Explicit ],Alternative Rock,$ 1.29,( C ) 2015 KIDinaKORNER/Interscope Records,0:19,"June 30 , 2015","('rtable_Song_Name', 'rtable_Artist_Name', 'rtable_Price')",0.6737229228019714,
40,VHS Outro ( Interlude ),X Ambassadors,VHS,"Alternative , Music , Rock , Adult Alternative",$ 1.29,2015 KIDinaKORNER/Interscope Records,1:25,30-Jun-15,Renegades,X Ambassadors,VHS [ Explicit ],Alternative Rock,$ 1.29,( C ) 2015 KIDinaKORNER/Interscope Records,0:19,"June 30 , 2015","('rtable_Song_Name', 'rtable_Artist_Name', 'rtable_CopyRight')",0.6737229228019714,
41,VHS Outro ( Interlude ),X Ambassadors,VHS,"Alternative , Music , Rock , Adult Alternative",$ 1.29,2015 KIDinaKORNER/Interscope Records,1:25,30-Jun-15,Renegades,X Ambassadors,VHS [ Explicit ],Alternative Rock,$ 1.29,( C ) 2015 KIDinaKORNER/Interscope Records,3:15,"June 30 , 2015","('rtable_Song_Name', 'rtable_Artist_Name', 'rtable_Time')",0.7088086009025574,
42,VHS Outro ( Interlude ),X Ambassadors,VHS,"Alternative , Music , Rock , Adult Alternative",$ 1.29,2015 KIDinaKORNER/Interscope Records,1:25,30-Jun-15,Renegades,X Ambassadors,VHS [ Explicit ],Alternative Rock,$ 1.29,( C ) 2015 KIDinaKORNER/Interscope Records,0:19,"June 30 , 2015","('rtable_Song_Name', 'rtable_Artist_Name', 'rtable_Released')",0.6737229228019714,
43,VHS Outro ( Interlude ),X Ambassadors,VHS,"Alternative , Music , Rock , Adult Alternative",$ 1.29,2015 KIDinaKORNER/Interscope Records,1:25,30-Jun-15,Renegades,X Ambassadors,VHS [ Clean ],Alternative Rock,$ 1.29,( C ) 2015 KIDinaKORNER/Interscope Records,0:19,"June 30 , 2015","('rtable_Song_Name', 'rtable_Album_Name', 'rtable_Genre')",0.4884942770004272,
44,VHS Outro ( Interlude ),X Ambassadors,VHS,"Alternative , Music , Rock , Adult Alternative",$ 1.29,2015 KIDinaKORNER/Interscope Records,1:25,30-Jun-15,Renegades,X Ambassadors,VHS [ Clean ],Alternative Rock,$ 1.29,( C ) 2015 KIDinaKORNER/Interscope Records,0:19,"June 30 , 2015","('rtable_Song_Name', 'rtable_Album_Name', 'rtable_Price')",0.4884942770004272,
45,VHS Outro ( Interlude ),X Ambassadors,VHS,"Alternative , Music , Rock , Adult Alternative",$ 1.29,2015 KIDinaKORNER/Interscope Records,1:25,30-Jun-15,Renegades,X Ambassadors,VHS [ Clean ],Alternative Rock,$ 1.29,( C ) 2015 KIDinaKORNER/Interscope Records,0:19,"June 30 , 2015","('rtable_Song_Name', 'rtable_Album_Name', 'rtable_CopyRight')",0.4884942770004272,
46,VHS Outro ( Interlude ),X Ambassadors,VHS,"Alternative , Music , Rock , Adult Alternative",$ 1.29,2015 KIDinaKORNER/Interscope Records,1:25,30-Jun-15,Renegades,X Ambassadors,VHS [ Clean ],Alternative Rock,$ 1.29,( C ) 2015 KIDinaKORNER/Interscope Records,3:15,"June 30 , 2015","('rtable_Song_Name', 'rtable_Album_Name', 'rtable_Time')",0.5294202566146851,
47,VHS Outro ( Interlude ),X Ambassadors,VHS,"Alternative , Music , Rock , Adult Alternative",$ 1.29,2015 KIDinaKORNER/Interscope Records,1:25,30-Jun-15,Renegades,X Ambassadors,VHS [ Clean ],Alternative Rock,$ 1.29,( C ) 2015 KIDinaKORNER/Interscope Records,0:19,"June 30 , 2015","('rtable_Song_Name', 'rtable_Album_Name', 'rtable_Released')",0.4884942770004272,
48,VHS Outro ( Interlude ),X Ambassadors,VHS,"Alternative , Music , Rock , Adult Alternative",$ 1.29,2015 KIDinaKORNER/Interscope Records,1:25,30-Jun-15,Renegades,X Ambassadors,VHS [ Explicit ],Alternative Rock,$ 1.29,( C ) 2015 KIDinaKORNER/Interscope Records,0:19,"June 30 , 2015","('rtable_Song_Name', 'rtable_Genre', 'rtable_Price')",0.6737229228019714,
49,VHS Outro ( Interlude ),X Ambassadors,VHS,"Alternative , Music , Rock , Adult Alternative",$ 1.29,2015 KIDinaKORNER/Interscope Records,1:25,30-Jun-15,Renegades,X Ambassadors,VHS [ Explicit ],Alternative Rock,$ 1.29,( C ) 2015 KIDinaKORNER/Interscope Records,0:19,"June 30 , 2015","('rtable_Song_Name', 'rtable_Genre', 'rtable_CopyRight')",0.6737229228019714,
50,VHS Outro ( Interlude ),X Ambassadors,VHS,"Alternative , Music , Rock , Adult Alternative",$ 1.29,2015 KIDinaKORNER/Interscope Records,1:25,30-Jun-15,Renegades,X Ambassadors,VHS [ Explicit ],Alternative Rock,$ 1.29,( C ) 2015 KIDinaKORNER/Interscope Records,3:15,"June 30 , 2015","('rtable_Song_Name', 'rtable_Genre', 'rtable_Time')",0.7088086009025574,
51,VHS Outro ( Interlude ),X Ambassadors,VHS,"Alternative , Music , Rock , Adult Alternative",$ 1.29,2015 KIDinaKORNER/Interscope Records,1:25,30-Jun-15,Renegades,X Ambassadors,VHS [ Explicit ],Alternative Rock,$ 1.29,( C ) 2015 KIDinaKORNER/Interscope Records,0:19,"June 30 , 2015","('rtable_Song_Name', 'rtable_Genre', 'rtable_Released')",0.6737229228019714,
52,VHS Outro ( Interlude ),X Ambassadors,VHS,"Alternative , Music , Rock , Adult Alternative",$ 1.29,2015 KIDinaKORNER/Interscope Records,1:25,30-Jun-15,Renegades,X Ambassadors,VHS [ Explicit ],Alternative Rock,$ 1.29,( C ) 2015 KIDinaKORNER/Interscope Records,0:19,"June 30 , 2015","('rtable_Song_Name', 'rtable_Price', 'rtable_CopyRight')",0.6737229228019714,
53,VHS Outro ( Interlude ),X Ambassadors,VHS,"Alternative , Music , Rock , Adult Alternative",$ 1.29,2015 KIDinaKORNER/Interscope Records,1:25,30-Jun-15,Renegades,X Ambassadors,VHS [ Explicit ],Alternative Rock,$ 1.29,( C ) 2015 KIDinaKORNER/Interscope Records,3:15,"June 30 , 2015","('rtable_Song_Name', 'rtable_Price', 'rtable_Time')",0.7088086009025574,
54,VHS Outro ( Interlude ),X Ambassadors,VHS,"Alternative , Music , Rock , Adult Alternative",$ 1.29,2015 KIDinaKORNER/Interscope Records,1:25,30-Jun-15,Renegades,X Ambassadors,VHS [ Explicit ],Alternative Rock,$ 1.29,( C ) 2015 KIDinaKORNER/Interscope Records,0:19,"June 30 , 2015","('rtable_Song_Name', 'rtable_Price', 'rtable_Released')",0.6737229228019714,
55,VHS Outro ( Interlude ),X Ambassadors,VHS,"Alternative , Music , Rock , Adult Alternative",$ 1.29,2015 KIDinaKORNER/Interscope Records,1:25,30-Jun-15,Renegades,X Ambassadors,VHS [ Explicit ],Alternative Rock,$ 1.29,( C ) 2015 KIDinaKORNER/Interscope Records,3:15,"June 30 , 2015","('rtable_Song_Name', 'rtable_CopyRight', 'rtable_Time')",0.7088086009025574,
56,VHS Outro ( Interlude ),X Ambassadors,VHS,"Alternative , Music , Rock , Adult Alternative",$ 1.29,2015 KIDinaKORNER/Interscope Records,1:25,30-Jun-15,Renegades,X Ambassadors,VHS [ Explicit ],Alternative Rock,$ 1.29,( C ) 2015 KIDinaKORNER/Interscope Records,0:19,"June 30 , 2015","('rtable_Song_Name', 'rtable_CopyRight', 'rtable_Released')",0.6737229228019714,
57,VHS Outro ( Interlude ),X Ambassadors,VHS,"Alternative , Music , Rock , Adult Alternative",$ 1.29,2015 KIDinaKORNER/Interscope Records,1:25,30-Jun-15,Renegades,X Ambassadors,VHS [ Explicit ],Alternative Rock,$ 1.29,( C ) 2015 KIDinaKORNER/Interscope Records,3:15,"June 30 , 2015","('rtable_Song_Name', 'rtable_Time', 'rtable_Released')",0.7088086009025574,
58,VHS Outro ( Interlude ),X Ambassadors,VHS,"Alternative , Music , Rock , Adult Alternative",$ 1.29,2015 KIDinaKORNER/Interscope Records,1:25,30-Jun-15,Moving Day ( Interlude ),X Ambassadors,VHS [ Clean ],Alternative Rock,$ 1.29,( C ) 2015 KIDinaKORNER/Interscope Records,0:19,"June 30 , 2015","('rtable_Artist_Name', 'rtable_Album_Name', 'rtable_Genre')",0.0063538546673953,
59,VHS Outro ( Interlude ),X Ambassadors,VHS,"Alternative , Music , Rock , Adult Alternative",$ 1.29,2015 KIDinaKORNER/Interscope Records,1:25,30-Jun-15,Moving Day ( Interlude ),X Ambassadors,VHS [ Clean ],Alternative Rock,$ 1.29,( C ) 2015 KIDinaKORNER/Interscope Records,0:19,"June 30 , 2015","('rtable_Artist_Name', 'rtable_Album_Name', 'rtable_Price')",0.0063538546673953,
60,VHS Outro ( Interlude ),X Ambassadors,VHS,"Alternative , Music , Rock , Adult Alternative",$ 1.29,2015 KIDinaKORNER/Interscope Records,1:25,30-Jun-15,Moving Day ( Interlude ),X Ambassadors,VHS [ Clean ],Alternative Rock,$ 1.29,( C ) 2015 KIDinaKORNER/Interscope Records,0:19,"June 30 , 2015","('rtable_Artist_Name', 'rtable_Album_Name', 'rtable_CopyRight')",0.0063538546673953,
61,VHS Outro ( Interlude ),X Ambassadors,VHS,"Alternative , Music , Rock , Adult Alternative",$ 1.29,2015 KIDinaKORNER/Interscope Records,1:25,30-Jun-15,Moving Day ( Interlude ),X Ambassadors,VHS [ Clean ],Alternative Rock,$ 1.29,( C ) 2015 KIDinaKORNER/Interscope Records,3:15,"June 30 , 2015","('rtable_Artist_Name', 'rtable_Album_Name', 'rtable_Time')",0.0065117026679217,
62,VHS Outro ( Interlude ),X Ambassadors,VHS,"Alternative , Music , Rock , Adult Alternative",$ 1.29,2015 KIDinaKORNER/Interscope Records,1:25,30-Jun-15,Moving Day ( Interlude ),X Ambassadors,VHS [ Clean ],Alternative Rock,$ 1.29,( C ) 2015 KIDinaKORNER/Interscope Records,0:19,"June 30 , 2015","('rtable_Artist_Name', 'rtable_Album_Name', 'rtable_Released')",0.0063538546673953,
63,VHS Outro ( Interlude ),X Ambassadors,VHS,"Alternative , Music , Rock , Adult Alternative",$ 1.29,2015 KIDinaKORNER/Interscope Records,1:25,30-Jun-15,Moving Day ( Interlude ),X Ambassadors,VHS [ Explicit ],Alternative Rock,$ 1.29,( C ) 2015 KIDinaKORNER/Interscope Records,0:19,"June 30 , 2015","('rtable_Artist_Name', 'rtable_Genre', 'rtable_Price')",0.0063871522434055,
64,VHS Outro ( Interlude ),X Ambassadors,VHS,"Alternative , Music , Rock , Adult Alternative",$ 1.29,2015 KIDinaKORNER/Interscope Records,1:25,30-Jun-15,Moving Day ( Interlude ),X Ambassadors,VHS [ Explicit ],Alternative Rock,$ 1.29,( C ) 2015 KIDinaKORNER/Interscope Records,0:19,"June 30 , 2015","('rtable_Artist_Name', 'rtable_Genre', 'rtable_CopyRight')",0.0063871522434055,
65,VHS Outro ( Interlude ),X Ambassadors,VHS,"Alternative , Music , Rock , Adult Alternative",$ 1.29,2015 KIDinaKORNER/Interscope Records,1:25,30-Jun-15,Moving Day ( Interlude ),X Ambassadors,VHS [ Explicit ],Alternative Rock,$ 1.29,( C ) 2015 KIDinaKORNER/Interscope Records,3:15,"June 30 , 2015","('rtable_Artist_Name', 'rtable_Genre', 'rtable_Time')",0.0065424195490777,
66,VHS Outro ( Interlude ),X Ambassadors,VHS,"Alternative , Music , Rock , Adult Alternative",$ 1.29,2015 KIDinaKORNER/Interscope Records,1:25,30-Jun-15,Moving Day ( Interlude ),X Ambassadors,VHS [ Explicit ],Alternative Rock,$ 1.29,( C ) 2015 KIDinaKORNER/Interscope Records,0:19,"June 30 , 2015","('rtable_Artist_Name', 'rtable_Genre', 'rtable_Released')",0.0063871522434055,
67,VHS Outro ( Interlude ),X Ambassadors,VHS,"Alternative , Music , Rock , Adult Alternative",$ 1.29,2015 KIDinaKORNER/Interscope Records,1:25,30-Jun-15,Moving Day ( Interlude ),X Ambassadors,VHS [ Explicit ],Alternative Rock,$ 1.29,( C ) 2015 KIDinaKORNER/Interscope Records,0:19,"June 30 , 2015","('rtable_Artist_Name', 'rtable_Price', 'rtable_CopyRight')",0.0063871522434055,
68,VHS Outro ( Interlude ),X Ambassadors,VHS,"Alternative , Music , Rock , Adult Alternative",$ 1.29,2015 KIDinaKORNER/Interscope Records,1:25,30-Jun-15,Moving Day ( Interlude ),X Ambassadors,VHS [ Explicit ],Alternative Rock,$ 1.29,( C ) 2015 KIDinaKORNER/Interscope Records,3:15,"June 30 , 2015","('rtable_Artist_Name', 'rtable_Price', 'rtable_Time')",0.0065424195490777,
69,VHS Outro ( Interlude ),X Ambassadors,VHS,"Alternative , Music , Rock , Adult Alternative",$ 1.29,2015 KIDinaKORNER/Interscope Records,1:25,30-Jun-15,Moving Day ( Interlude ),X Ambassadors,VHS [ Explicit ],Alternative Rock,$ 1.29,( C ) 2015 KIDinaKORNER/Interscope Records,0:19,"June 30 , 2015","('rtable_Artist_Name', 'rtable_Price', 'rtable_Released')",0.0063871522434055,
70,VHS Outro ( Interlude ),X Ambassadors,VHS,"Alternative , Music , Rock , Adult Alternative",$ 1.29,2015 KIDinaKORNER/Interscope Records,1:25,30-Jun-15,Moving Day ( Interlude ),X Ambassadors,VHS [ Explicit ],Alternative Rock,$ 1.29,( C ) 2015 KIDinaKORNER/Interscope Records,3:15,"June 30 , 2015","('rtable_Artist_Name', 'rtable_CopyRight', 'rtable_Time')",0.0065424195490777,
71,VHS Outro ( Interlude ),X Ambassadors,VHS,"Alternative , Music , Rock , Adult Alternative",$ 1.29,2015 KIDinaKORNER/Interscope Records,1:25,30-Jun-15,Moving Day ( Interlude ),X Ambassadors,VHS [ Explicit ],Alternative Rock,$ 1.29,( C ) 2015 KIDinaKORNER/Interscope Records,0:19,"June 30 , 2015","('rtable_Artist_Name', 'rtable_CopyRight', 'rtable_Released')",0.0063871522434055,
72,VHS Outro ( Interlude ),X Ambassadors,VHS,"Alternative , Music , Rock , Adult Alternative",$ 1.29,2015 KIDinaKORNER/Interscope Records,1:25,30-Jun-15,Moving Day ( Interlude ),X Ambassadors,VHS [ Explicit ],Alternative Rock,$ 1.29,( C ) 2015 KIDinaKORNER/Interscope Records,3:15,"June 30 , 2015","('rtable_Artist_Name', 'rtable_Time', 'rtable_Released')",0.0065424195490777,
73,VHS Outro ( Interlude ),X Ambassadors,VHS,"Alternative , Music , Rock , Adult Alternative",$ 1.29,2015 KIDinaKORNER/Interscope Records,1:25,30-Jun-15,Moving Day ( Interlude ),X Ambassadors,VHS [ Clean ],Alternative Rock,$ 1.29,( C ) 2015 KIDinaKORNER/Interscope Records,0:19,"June 30 , 2015","('rtable_Album_Name', 'rtable_Genre', 'rtable_Price')",0.0063538546673953,
74,VHS Outro ( Interlude ),X Ambassadors,VHS,"Alternative , Music , Rock , Adult Alternative",$ 1.29,2015 KIDinaKORNER/Interscope Records,1:25,30-Jun-15,Moving Day ( Interlude ),X Ambassadors,VHS [ Clean ],Alternative Rock,$ 1.29,( C ) 2015 KIDinaKORNER/Interscope Records,0:19,"June 30 , 2015","('rtable_Album_Name', 'rtable_Genre', 'rtable_CopyRight')",0.0063538546673953,
75,VHS Outro ( Interlude ),X Ambassadors,VHS,"Alternative , Music , Rock , Adult Alternative",$ 1.29,2015 KIDinaKORNER/Interscope Records,1:25,30-Jun-15,Moving Day ( Interlude ),X Ambassadors,VHS [ Clean ],Alternative Rock,$ 1.29,( C ) 2015 KIDinaKORNER/Interscope Records,3:15,"June 30 , 2015","('rtable_Album_Name', 'rtable_Genre', 'rtable_Time')",0.0065117026679217,
76,VHS Outro ( Interlude ),X Ambassadors,VHS,"Alternative , Music , Rock , Adult Alternative",$ 1.29,2015 KIDinaKORNER/Interscope Records,1:25,30-Jun-15,Moving Day ( Interlude ),X Ambassadors,VHS [ Clean ],Alternative Rock,$ 1.29,( C ) 2015 KIDinaKORNER/Interscope Records,0:19,"June 30 , 2015","('rtable_Album_Name', 'rtable_Genre', 'rtable_Released')",0.0063538546673953,
77,VHS Outro ( Interlude ),X Ambassadors,VHS,"Alternative , Music , Rock , Adult Alternative",$ 1.29,2015 KIDinaKORNER/Interscope Records,1:25,30-Jun-15,Moving Day ( Interlude ),X Ambassadors,VHS [ Clean ],Alternative Rock,$ 1.29,( C ) 2015 KIDinaKORNER/Interscope Records,0:19,"June 30 , 2015","('rtable_Album_Name', 'rtable_Price', 'rtable_CopyRight')",0.0063538546673953,
78,VHS Outro ( Interlude ),X Ambassadors,VHS,"Alternative , Music , Rock , Adult Alternative",$ 1.29,2015 KIDinaKORNER/Interscope Records,1:25,30-Jun-15,Moving Day ( Interlude ),X Ambassadors,VHS [ Clean ],Alternative Rock,$ 1.29,( C ) 2015 KIDinaKORNER/Interscope Records,3:15,"June 30 , 2015","('rtable_Album_Name', 'rtable_Price', 'rtable_Time')",0.0065117026679217,
79,VHS Outro ( Interlude ),X Ambassadors,VHS,"Alternative , Music , Rock , Adult Alternative",$ 1.29,2015 KIDinaKORNER/Interscope Records,1:25,30-Jun-15,Moving Day ( Interlude ),X Ambassadors,VHS [ Clean ],Alternative Rock,$ 1.29,( C ) 2015 KIDinaKORNER/Interscope Records,0:19,"June 30 , 2015","('rtable_Album_Name', 'rtable_Price', 'rtable_Released')",0.0063538546673953,
80,VHS Outro ( Interlude ),X Ambassadors,VHS,"Alternative , Music , Rock , Adult Alternative",$ 1.29,2015 KIDinaKORNER/Interscope Records,1:25,30-Jun-15,Moving Day ( Interlude ),X Ambassadors,VHS [ Clean ],Alternative Rock,$ 1.29,( C ) 2015 KIDinaKORNER/Interscope Records,3:15,"June 30 , 2015","('rtable_Album_Name', 'rtable_CopyRight', 'rtable_Time')",0.0065117026679217,
81,VHS Outro ( Interlude ),X Ambassadors,VHS,"Alternative , Music , Rock , Adult Alternative",$ 1.29,2015 KIDinaKORNER/Interscope Records,1:25,30-Jun-15,Moving Day ( Interlude ),X Ambassadors,VHS [ Clean ],Alternative Rock,$ 1.29,( C ) 2015 KIDinaKORNER/Interscope Records,0:19,"June 30 , 2015","('rtable_Album_Name', 'rtable_CopyRight', 'rtable_Released')",0.0063538546673953,
82,VHS Outro ( Interlude ),X Ambassadors,VHS,"Alternative , Music , Rock , Adult Alternative",$ 1.29,2015 KIDinaKORNER/Interscope Records,1:25,30-Jun-15,Moving Day ( Interlude ),X Ambassadors,VHS [ Clean ],Alternative Rock,$ 1.29,( C ) 2015 KIDinaKORNER/Interscope Records,3:15,"June 30 , 2015","('rtable_Album_Name', 'rtable_Time', 'rtable_Released')",0.0065117026679217,
83,VHS Outro ( Interlude ),X Ambassadors,VHS,"Alternative , Music , Rock , Adult Alternative",$ 1.29,2015 KIDinaKORNER/Interscope Records,1:25,30-Jun-15,Moving Day ( Interlude ),X Ambassadors,VHS [ Explicit ],Alternative Rock,$ 1.29,( C ) 2015 KIDinaKORNER/Interscope Records,0:19,"June 30 , 2015","('rtable_Genre', 'rtable_Price', 'rtable_CopyRight')",0.0063871522434055,
84,VHS Outro ( Interlude ),X Ambassadors,VHS,"Alternative , Music , Rock , Adult Alternative",$ 1.29,2015 KIDinaKORNER/Interscope Records,1:25,30-Jun-15,Moving Day ( Interlude ),X Ambassadors,VHS [ Explicit ],Alternative Rock,$ 1.29,( C ) 2015 KIDinaKORNER/Interscope Records,3:15,"June 30 , 2015","('rtable_Genre', 'rtable_Price', 'rtable_Time')",0.0065424195490777,
85,VHS Outro ( Interlude ),X Ambassadors,VHS,"Alternative , Music , Rock , Adult Alternative",$ 1.29,2015 KIDinaKORNER/Interscope Records,1:25,30-Jun-15,Moving Day ( Interlude ),X Ambassadors,VHS [ Explicit ],Alternative Rock,$ 1.29,( C ) 2015 KIDinaKORNER/Interscope Records,0:19,"June 30 , 2015","('rtable_Genre', 'rtable_Price', 'rtable_Released')",0.0063871522434055,
86,VHS Outro ( Interlude ),X Ambassadors,VHS,"Alternative , Music , Rock , Adult Alternative",$ 1.29,2015 KIDinaKORNER/Interscope Records,1:25,30-Jun-15,Moving Day ( Interlude ),X Ambassadors,VHS [ Explicit ],Alternative Rock,$ 1.29,( C ) 2015 KIDinaKORNER/Interscope Records,3:15,"June 30 , 2015","('rtable_Genre', 'rtable_CopyRight', 'rtable_Time')",0.0065424195490777,
87,VHS Outro ( Interlude ),X Ambassadors,VHS,"Alternative , Music , Rock , Adult Alternative",$ 1.29,2015 KIDinaKORNER/Interscope Records,1:25,30-Jun-15,Moving Day ( Interlude ),X Ambassadors,VHS [ Explicit ],Alternative Rock,$ 1.29,( C ) 2015 KIDinaKORNER/Interscope Records,0:19,"June 30 , 2015","('rtable_Genre', 'rtable_CopyRight', 'rtable_Released')",0.0063871522434055,
88,VHS Outro ( Interlude ),X Ambassadors,VHS,"Alternative , Music , Rock , Adult Alternative",$ 1.29,2015 KIDinaKORNER/Interscope Records,1:25,30-Jun-15,Moving Day ( Interlude ),X Ambassadors,VHS [ Explicit ],Alternative Rock,$ 1.29,( C ) 2015 KIDinaKORNER/Interscope Records,3:15,"June 30 , 2015","('rtable_Genre', 'rtable_Time', 'rtable_Released')",0.0065424195490777,
89,VHS Outro ( Interlude ),X Ambassadors,VHS,"Alternative , Music , Rock , Adult Alternative",$ 1.29,2015 KIDinaKORNER/Interscope Records,1:25,30-Jun-15,Moving Day ( Interlude ),X Ambassadors,VHS [ Explicit ],Alternative Rock,$ 1.29,( C ) 2015 KIDinaKORNER/Interscope Records,3:15,"June 30 , 2015","('rtable_Price', 'rtable_CopyRight', 'rtable_Time')",0.0065424195490777,
90,VHS Outro ( Interlude ),X Ambassadors,VHS,"Alternative , Music , Rock , Adult Alternative",$ 1.29,2015 KIDinaKORNER/Interscope Records,1:25,30-Jun-15,Moving Day ( Interlude ),X Ambassadors,VHS [ Explicit ],Alternative Rock,$ 1.29,( C ) 2015 KIDinaKORNER/Interscope Records,0:19,"June 30 , 2015","('rtable_Price', 'rtable_CopyRight', 'rtable_Released')",0.0063871522434055,
91,VHS Outro ( Interlude ),X Ambassadors,VHS,"Alternative , Music , Rock , Adult Alternative",$ 1.29,2015 KIDinaKORNER/Interscope Records,1:25,30-Jun-15,Moving Day ( Interlude ),X Ambassadors,VHS [ Explicit ],Alternative Rock,$ 1.29,( C ) 2015 KIDinaKORNER/Interscope Records,3:15,"June 30 , 2015","('rtable_Price', 'rtable_Time', 'rtable_Released')",0.0065424195490777,
92,VHS Outro ( Interlude ),X Ambassadors,VHS,"Alternative , Music , Rock , Adult Alternative",$ 1.29,2015 KIDinaKORNER/Interscope Records,1:25,30-Jun-15,Moving Day ( Interlude ),X Ambassadors,VHS [ Explicit ],Alternative Rock,$ 1.29,( C ) 2015 KIDinaKORNER/Interscope Records,3:15,"June 30 , 2015","('rtable_CopyRight', 'rtable_Time', 'rtable_Released')",0.0065424195490777,
93,VHS Outro ( Interlude ),X Ambassadors,VHS,"Alternative , Music , Rock , Adult Alternative",$ 1.29,2015 KIDinaKORNER/Interscope Records,1:25,30-Jun-15,Renegades,X Ambassadors,VHS [ Clean ],Alternative Rock,$ 1.29,( C ) 2015 KIDinaKORNER/Interscope Records,0:19,"June 30 , 2015","('rtable_Song_Name', 'rtable_Artist_Name', 'rtable_Album_Name', 'rtable_Genre')",0.4884942770004272,
94,VHS Outro ( Interlude ),X Ambassadors,VHS,"Alternative , Music , Rock , Adult Alternative",$ 1.29,2015 KIDinaKORNER/Interscope Records,1:25,30-Jun-15,Renegades,X Ambassadors,VHS [ Clean ],Alternative Rock,$ 1.29,( C ) 2015 KIDinaKORNER/Interscope Records,0:19,"June 30 , 2015","('rtable_Song_Name', 'rtable_Artist_Name', 'rtable_Album_Name', 'rtable_Price')",0.4884942770004272,
95,VHS Outro ( Interlude ),X Ambassadors,VHS,"Alternative , Music , Rock , Adult Alternative",$ 1.29,2015 KIDinaKORNER/Interscope Records,1:25,30-Jun-15,Renegades,X Ambassadors,VHS [ Clean ],Alternative Rock,$ 1.29,( C ) 2015 KIDinaKORNER/Interscope Records,0:19,"June 30 , 2015","('rtable_Song_Name', 'rtable_Artist_Name', 'rtable_Album_Name', 'rtable_CopyRight')",0.4884942770004272,
96,VHS Outro ( Interlude ),X Ambassadors,VHS,"Alternative , Music , Rock , Adult Alternative",$ 1.29,2015 KIDinaKORNER/Interscope Records,1:25,30-Jun-15,Renegades,X Ambassadors,VHS [ Clean ],Alternative Rock,$ 1.29,( C ) 2015 KIDinaKORNER/Interscope Records,3:15,"June 30 , 2015","('rtable_Song_Name', 'rtable_Artist_Name', 'rtable_Album_Name', 'rtable_Time')",0.5294202566146851,
97,VHS Outro ( Interlude ),X Ambassadors,VHS,"Alternative , Music , Rock , Adult Alternative",$ 1.29,2015 KIDinaKORNER/Interscope Records,1:25,30-Jun-15,Renegades,X Ambassadors,VHS [ Clean ],Alternative Rock,$ 1.29,( C ) 2015 KIDinaKORNER/Interscope Records,0:19,"June 30 , 2015","('rtable_Song_Name', 'rtable_Artist_Name', 'rtable_Album_Name', 'rtable_Released')",0.4884942770004272,
98,VHS Outro ( Interlude ),X Ambassadors,VHS,"Alternative , Music , Rock , Adult Alternative",$ 1.29,2015 KIDinaKORNER/Interscope Records,1:25,30-Jun-15,Renegades,X Ambassadors,VHS [ Explicit ],Alternative Rock,$ 1.29,( C ) 2015 KIDinaKORNER/Interscope Records,0:19,"June 30 , 2015","('rtable_Song_Name', 'rtable_Artist_Name', 'rtable_Genre', 'rtable_Price')",0.6737229228019714,
99,VHS Outro ( Interlude ),X Ambassadors,VHS,"Alternative , Music , Rock , Adult Alternative",$ 1.29,2015 KIDinaKORNER/Interscope Records,1:25,30-Jun-15,Renegades,X Ambassadors,VHS [ Explicit ],Alternative Rock,$ 1.29,( C ) 2015 KIDinaKORNER/Interscope Records,0:19,"June 30 , 2015","('rtable_Song_Name', 'rtable_Artist_Name', 'rtable_Genre', 'rtable_CopyRight')",0.6737229228019714,
100,VHS Outro ( Interlude ),X Ambassadors,VHS,"Alternative , Music , Rock , Adult Alternative",$ 1.29,2015 KIDinaKORNER/Interscope Records,1:25,30-Jun-15,Renegades,X Ambassadors,VHS [ Explicit ],Alternative Rock,$ 1.29,( C ) 2015 KIDinaKORNER/Interscope Records,3:15,"June 30 , 2015","('rtable_Song_Name', 'rtable_Artist_Name', 'rtable_Genre', 'rtable_Time')",0.7088086009025574,
101,VHS Outro ( Interlude ),X Ambassadors,VHS,"Alternative , Music , Rock , Adult Alternative",$ 1.29,2015 KIDinaKORNER/Interscope Records,1:25,30-Jun-15,Renegades,X Ambassadors,VHS [ Explicit ],Alternative Rock,$ 1.29,( C ) 2015 KIDinaKORNER/Interscope Records,0:19,"June 30 , 2015","('rtable_Song_Name', 'rtable_Artist_Name', 'rtable_Genre', 'rtable_Released')",0.6737229228019714,
102,VHS Outro ( Interlude ),X Ambassadors,VHS,"Alternative , Music , Rock , Adult Alternative",$ 1.29,2015 KIDinaKORNER/Interscope Records,1:25,30-Jun-15,Renegades,X Ambassadors,VHS [ Explicit ],Alternative Rock,$ 1.29,( C ) 2015 KIDinaKORNER/Interscope Records,0:19,"June 30 , 2015","('rtable_Song_Name', 'rtable_Artist_Name', 'rtable_Price', 'rtable_CopyRight')",0.6737229228019714,
103,VHS Outro ( Interlude ),X Ambassadors,VHS,"Alternative , Music , Rock , Adult Alternative",$ 1.29,2015 KIDinaKORNER/Interscope Records,1:25,30-Jun-15,Renegades,X Ambassadors,VHS [ Explicit ],Alternative Rock,$ 1.29,( C ) 2015 KIDinaKORNER/Interscope Records,3:15,"June 30 , 2015","('rtable_Song_Name', 'rtable_Artist_Name', 'rtable_Price', 'rtable_Time')",0.7088086009025574,
104,VHS Outro ( Interlude ),X Ambassadors,VHS,"Alternative , Music , Rock , Adult Alternative",$ 1.29,2015 KIDinaKORNER/Interscope Records,1:25,30-Jun-15,Renegades,X Ambassadors,VHS [ Explicit ],Alternative Rock,$ 1.29,( C ) 2015 KIDinaKORNER/Interscope Records,0:19,"June 30 , 2015","('rtable_Song_Name', 'rtable_Artist_Name', 'rtable_Price', 'rtable_Released')",0.6737229228019714,
105,VHS Outro ( Interlude ),X Ambassadors,VHS,"Alternative , Music , Rock , Adult Alternative",$ 1.29,2015 KIDinaKORNER/Interscope Records,1:25,30-Jun-15,Renegades,X Ambassadors,VHS [ Explicit ],Alternative Rock,$ 1.29,( C ) 2015 KIDinaKORNER/Interscope Records,3:15,"June 30 , 2015","('rtable_Song_Name', 'rtable_Artist_Name', 'rtable_CopyRight', 'rtable_Time')",0.7088086009025574,
106,VHS Outro ( Interlude ),X Ambassadors,VHS,"Alternative , Music , Rock , Adult Alternative",$ 1.29,2015 KIDinaKORNER/Interscope Records,1:25,30-Jun-15,Renegades,X Ambassadors,VHS [ Explicit ],Alternative Rock,$ 1.29,( C ) 2015 KIDinaKORNER/Interscope Records,0:19,"June 30 , 2015","('rtable_Song_Name', 'rtable_Artist_Name', 'rtable_CopyRight', 'rtable_Released')",0.6737229228019714,
107,VHS Outro ( Interlude ),X Ambassadors,VHS,"Alternative , Music , Rock , Adult Alternative",$ 1.29,2015 KIDinaKORNER/Interscope Records,1:25,30-Jun-15,Renegades,X Ambassadors,VHS [ Explicit ],Alternative Rock,$ 1.29,( C ) 2015 KIDinaKORNER/Interscope Records,3:15,"June 30 , 2015","('rtable_Song_Name', 'rtable_Artist_Name', 'rtable_Time', 'rtable_Released')",0.7088086009025574,
108,VHS Outro ( Interlude ),X Ambassadors,VHS,"Alternative , Music , Rock , Adult Alternative",$ 1.29,2015 KIDinaKORNER/Interscope Records,1:25,30-Jun-15,Renegades,X Ambassadors,VHS [ Clean ],Alternative Rock,$ 1.29,( C ) 2015 KIDinaKORNER/Interscope Records,0:19,"June 30 , 2015","('rtable_Song_Name', 'rtable_Album_Name', 'rtable_Genre', 'rtable_Price')",0.4884942770004272,
109,VHS Outro ( Interlude ),X Ambassadors,VHS,"Alternative , Music , Rock , Adult Alternative",$ 1.29,2015 KIDinaKORNER/Interscope Records,1:25,30-Jun-15,Renegades,X Ambassadors,VHS [ Clean ],Alternative Rock,$ 1.29,( C ) 2015 KIDinaKORNER/Interscope Records,0:19,"June 30 , 2015","('rtable_Song_Name', 'rtable_Album_Name', 'rtable_Genre', 'rtable_CopyRight')",0.4884942770004272,
110,VHS Outro ( Interlude ),X Ambassadors,VHS,"Alternative , Music , Rock , Adult Alternative",$ 1.29,2015 KIDinaKORNER/Interscope Records,1:25,30-Jun-15,Renegades,X Ambassadors,VHS [ Clean ],Alternative Rock,$ 1.29,( C ) 2015 KIDinaKORNER/Interscope Records,3:15,"June 30 , 2015","('rtable_Song_Name', 'rtable_Album_Name', 'rtable_Genre', 'rtable_Time')",0.5294202566146851,
111,VHS Outro ( Interlude ),X Ambassadors,VHS,"Alternative , Music , Rock , Adult Alternative",$ 1.29,2015 KIDinaKORNER/Interscope Records,1:25,30-Jun-15,Renegades,X Ambassadors,VHS [ Clean ],Alternative Rock,$ 1.29,( C ) 2015 KIDinaKORNER/Interscope Records,0:19,"June 30 , 2015","('rtable_Song_Name', 'rtable_Album_Name', 'rtable_Genre', 'rtable_Released')",0.4884942770004272,
112,VHS Outro ( Interlude ),X Ambassadors,VHS,"Alternative , Music , Rock , Adult Alternative",$ 1.29,2015 KIDinaKORNER/Interscope Records,1:25,30-Jun-15,Renegades,X Ambassadors,VHS [ Clean ],Alternative Rock,$ 1.29,( C ) 2015 KIDinaKORNER/Interscope Records,0:19,"June 30 , 2015","('rtable_Song_Name', 'rtable_Album_Name', 'rtable_Price', 'rtable_CopyRight')",0.4884942770004272,
113,VHS Outro ( Interlude ),X Ambassadors,VHS,"Alternative , Music , Rock , Adult Alternative",$ 1.29,2015 KIDinaKORNER/Interscope Records,1:25,30-Jun-15,Renegades,X Ambassadors,VHS [ Clean ],Alternative Rock,$ 1.29,( C ) 2015 KIDinaKORNER/Interscope Records,3:15,"June 30 , 2015","('rtable_Song_Name', 'rtable_Album_Name', 'rtable_Price', 'rtable_Time')",0.5294202566146851,
114,VHS Outro ( Interlude ),X Ambassadors,VHS,"Alternative , Music , Rock , Adult Alternative",$ 1.29,2015 KIDinaKORNER/Interscope Records,1:25,30-Jun-15,Renegades,X Ambassadors,VHS [ Clean ],Alternative Rock,$ 1.29,( C ) 2015 KIDinaKORNER/Interscope Records,0:19,"June 30 , 2015","('rtable_Song_Name', 'rtable_Album_Name', 'rtable_Price', 'rtable_Released')",0.4884942770004272,
115,VHS Outro ( Interlude ),X Ambassadors,VHS,"Alternative , Music , Rock , Adult Alternative",$ 1.29,2015 KIDinaKORNER/Interscope Records,1:25,30-Jun-15,Renegades,X Ambassadors,VHS [ Clean ],Alternative Rock,$ 1.29,( C ) 2015 KIDinaKORNER/Interscope Records,3:15,"June 30 , 2015","('rtable_Song_Name', 'rtable_Album_Name', 'rtable_CopyRight', 'rtable_Time')",0.5294202566146851,
116,VHS Outro ( Interlude ),X Ambassadors,VHS,"Alternative , Music , Rock , Adult Alternative",$ 1.29,2015 KIDinaKORNER/Interscope Records,1:25,30-Jun-15,Renegades,X Ambassadors,VHS [ Clean ],Alternative Rock,$ 1.29,( C ) 2015 KIDinaKORNER/Interscope Records,0:19,"June 30 , 2015","('rtable_Song_Name', 'rtable_Album_Name', 'rtable_CopyRight', 'rtable_Released')",0.4884942770004272,
117,VHS Outro ( Interlude ),X Ambassadors,VHS,"Alternative , Music , Rock , Adult Alternative",$ 1.29,2015 KIDinaKORNER/Interscope Records,1:25,30-Jun-15,Renegades,X Ambassadors,VHS [ Clean ],Alternative Rock,$ 1.29,( C ) 2015 KIDinaKORNER/Interscope Records,3:15,"June 30 , 2015","('rtable_Song_Name', 'rtable_Album_Name', 'rtable_Time', 'rtable_Released')",0.5294202566146851,
118,VHS Outro ( Interlude ),X Ambassadors,VHS,"Alternative , Music , Rock , Adult Alternative",$ 1.29,2015 KIDinaKORNER/Interscope Records,1:25,30-Jun-15,Renegades,X Ambassadors,VHS [ Explicit ],Alternative Rock,$ 1.29,( C ) 2015 KIDinaKORNER/Interscope Records,0:19,"June 30 , 2015","('rtable_Song_Name', 'rtable_Genre', 'rtable_Price', 'rtable_CopyRight')",0.6737229228019714,
119,VHS Outro ( Interlude ),X Ambassadors,VHS,"Alternative , Music , Rock , Adult Alternative",$ 1.29,2015 KIDinaKORNER/Interscope Records,1:25,30-Jun-15,Renegades,X Ambassadors,VHS [ Explicit ],Alternative Rock,$ 1.29,( C ) 2015 KIDinaKORNER/Interscope Records,3:15,"June 30 , 2015","('rtable_Song_Name', 'rtable_Genre', 'rtable_Price', 'rtable_Time')",0.7088086009025574,
120,VHS Outro ( Interlude ),X Ambassadors,VHS,"Alternative , Music , Rock , Adult Alternative",$ 1.29,2015 KIDinaKORNER/Interscope Records,1:25,30-Jun-15,Renegades,X Ambassadors,VHS [ Explicit ],Alternative Rock,$ 1.29,( C ) 2015 KIDinaKORNER/Interscope Records,0:19,"June 30 , 2015","('rtable_Song_Name', 'rtable_Genre', 'rtable_Price', 'rtable_Released')",0.6737229228019714,
121,VHS Outro ( Interlude ),X Ambassadors,VHS,"Alternative , Music , Rock , Adult Alternative",$ 1.29,2015 KIDinaKORNER/Interscope Records,1:25,30-Jun-15,Renegades,X Ambassadors,VHS [ Explicit ],Alternative Rock,$ 1.29,( C ) 2015 KIDinaKORNER/Interscope Records,3:15,"June 30 , 2015","('rtable_Song_Name', 'rtable_Genre', 'rtable_CopyRight', 'rtable_Time')",0.7088086009025574,
122,VHS Outro ( Interlude ),X Ambassadors,VHS,"Alternative , Music , Rock , Adult Alternative",$ 1.29,2015 KIDinaKORNER/Interscope Records,1:25,30-Jun-15,Renegades,X Ambassadors,VHS [ Explicit ],Alternative Rock,$ 1.29,( C ) 2015 KIDinaKORNER/Interscope Records,0:19,"June 30 , 2015","('rtable_Song_Name', 'rtable_Genre', 'rtable_CopyRight', 'rtable_Released')",0.6737229228019714,
123,VHS Outro ( Interlude ),X Ambassadors,VHS,"Alternative , Music , Rock , Adult Alternative",$ 1.29,2015 KIDinaKORNER/Interscope Records,1:25,30-Jun-15,Renegades,X Ambassadors,VHS [ Explicit ],Alternative Rock,$ 1.29,( C ) 2015 KIDinaKORNER/Interscope Records,3:15,"June 30 , 2015","('rtable_Song_Name', 'rtable_Genre', 'rtable_Time', 'rtable_Released')",0.7088086009025574,
124,VHS Outro ( Interlude ),X Ambassadors,VHS,"Alternative , Music , Rock , Adult Alternative",$ 1.29,2015 KIDinaKORNER/Interscope Records,1:25,30-Jun-15,Renegades,X Ambassadors,VHS [ Explicit ],Alternative Rock,$ 1.29,( C ) 2015 KIDinaKORNER/Interscope Records,3:15,"June 30 , 2015","('rtable_Song_Name', 'rtable_Price', 'rtable_CopyRight', 'rtable_Time')",0.7088086009025574,
125,VHS Outro ( Interlude ),X Ambassadors,VHS,"Alternative , Music , Rock , Adult Alternative",$ 1.29,2015 KIDinaKORNER/Interscope Records,1:25,30-Jun-15,Renegades,X Ambassadors,VHS [ Explicit ],Alternative Rock,$ 1.29,( C ) 2015 KIDinaKORNER/Interscope Records,0:19,"June 30 , 2015","('rtable_Song_Name', 'rtable_Price', 'rtable_CopyRight', 'rtable_Released')",0.6737229228019714,
126,VHS Outro ( Interlude ),X Ambassadors,VHS,"Alternative , Music , Rock , Adult Alternative",$ 1.29,2015 KIDinaKORNER/Interscope Records,1:25,30-Jun-15,Renegades,X Ambassadors,VHS [ Explicit ],Alternative Rock,$ 1.29,( C ) 2015 KIDinaKORNER/Interscope Records,3:15,"June 30 , 2015","('rtable_Song_Name', 'rtable_Price', 'rtable_Time', 'rtable_Released')",0.7088086009025574,
127,VHS Outro ( Interlude ),X Ambassadors,VHS,"Alternative , Music , Rock , Adult Alternative",$ 1.29,2015 KIDinaKORNER/Interscope Records,1:25,30-Jun-15,Renegades,X Ambassadors,VHS [ Explicit ],Alternative Rock,$ 1.29,( C ) 2015 KIDinaKORNER/Interscope Records,3:15,"June 30 , 2015","('rtable_Song_Name', 'rtable_CopyRight', 'rtable_Time', 'rtable_Released')",0.7088086009025574,
128,VHS Outro ( Interlude ),X Ambassadors,VHS,"Alternative , Music , Rock , Adult Alternative",$ 1.29,2015 KIDinaKORNER/Interscope Records,1:25,30-Jun-15,Moving Day ( Interlude ),X Ambassadors,VHS [ Clean ],Alternative Rock,$ 1.29,( C ) 2015 KIDinaKORNER/Interscope Records,0:19,"June 30 , 2015","('rtable_Artist_Name', 'rtable_Album_Name', 'rtable_Genre', 'rtable_Price')",0.0063538546673953,
129,VHS Outro ( Interlude ),X Ambassadors,VHS,"Alternative , Music , Rock , Adult Alternative",$ 1.29,2015 KIDinaKORNER/Interscope Records,1:25,30-Jun-15,Moving Day ( Interlude ),X Ambassadors,VHS [ Clean ],Alternative Rock,$ 1.29,( C ) 2015 KIDinaKORNER/Interscope Records,0:19,"June 30 , 2015","('rtable_Artist_Name', 'rtable_Album_Name', 'rtable_Genre', 'rtable_CopyRight')",0.0063538546673953,
130,VHS Outro ( Interlude ),X Ambassadors,VHS,"Alternative , Music , Rock , Adult Alternative",$ 1.29,2015 KIDinaKORNER/Interscope Records,1:25,30-Jun-15,Moving Day ( Interlude ),X Ambassadors,VHS [ Clean ],Alternative Rock,$ 1.29,( C ) 2015 KIDinaKORNER/Interscope Records,3:15,"June 30 , 2015","('rtable_Artist_Name', 'rtable_Album_Name', 'rtable_Genre', 'rtable_Time')",0.0065117026679217,
131,VHS Outro ( Interlude ),X Ambassadors,VHS,"Alternative , Music , Rock , Adult Alternative",$ 1.29,2015 KIDinaKORNER/Interscope Records,1:25,30-Jun-15,Moving Day ( Interlude ),X Ambassadors,VHS [ Clean ],Alternative Rock,$ 1.29,( C ) 2015 KIDinaKORNER/Interscope Records,0:19,"June 30 , 2015","('rtable_Artist_Name', 'rtable_Album_Name', 'rtable_Genre', 'rtable_Released')",0.0063538546673953,
132,VHS Outro ( Interlude ),X Ambassadors,VHS,"Alternative , Music , Rock , Adult Alternative",$ 1.29,2015 KIDinaKORNER/Interscope Records,1:25,30-Jun-15,Moving Day ( Interlude ),X Ambassadors,VHS [ Clean ],Alternative Rock,$ 1.29,( C ) 2015 KIDinaKORNER/Interscope Records,0:19,"June 30 , 2015","('rtable_Artist_Name', 'rtable_Album_Name', 'rtable_Price', 'rtable_CopyRight')",0.0063538546673953,
133,VHS Outro ( Interlude ),X Ambassadors,VHS,"Alternative , Music , Rock , Adult Alternative",$ 1.29,2015 KIDinaKORNER/Interscope Records,1:25,30-Jun-15,Moving Day ( Interlude ),X Ambassadors,VHS [ Clean ],Alternative Rock,$ 1.29,( C ) 2015 KIDinaKORNER/Interscope Records,3:15,"June 30 , 2015","('rtable_Artist_Name', 'rtable_Album_Name', 'rtable_Price', 'rtable_Time')",0.0065117026679217,
134,VHS Outro ( Interlude ),X Ambassadors,VHS,"Alternative , Music , Rock , Adult Alternative",$ 1.29,2015 KIDinaKORNER/Interscope Records,1:25,30-Jun-15,Moving Day ( Interlude ),X Ambassadors,VHS [ Clean ],Alternative Rock,$ 1.29,( C ) 2015 KIDinaKORNER/Interscope Records,0:19,"June 30 , 2015","('rtable_Artist_Name', 'rtable_Album_Name', 'rtable_Price', 'rtable_Released')",0.0063538546673953,
135,VHS Outro ( Interlude ),X Ambassadors,VHS,"Alternative , Music , Rock , Adult Alternative",$ 1.29,2015 KIDinaKORNER/Interscope Records,1:25,30-Jun-15,Moving Day ( Interlude ),X Ambassadors,VHS [ Clean ],Alternative Rock,$ 1.29,( C ) 2015 KIDinaKORNER/Interscope Records,3:15,"June 30 , 2015","('rtable_Artist_Name', 'rtable_Album_Name', 'rtable_CopyRight', 'rtable_Time')",0.0065117026679217,
136,VHS Outro ( Interlude ),X Ambassadors,VHS,"Alternative , Music , Rock , Adult Alternative",$ 1.29,2015 KIDinaKORNER/Interscope Records,1:25,30-Jun-15,Moving Day ( Interlude ),X Ambassadors,VHS [ Clean ],Alternative Rock,$ 1.29,( C ) 2015 KIDinaKORNER/Interscope Records,0:19,"June 30 , 2015","('rtable_Artist_Name', 'rtable_Album_Name', 'rtable_CopyRight', 'rtable_Released')",0.0063538546673953,
137,VHS Outro ( Interlude ),X Ambassadors,VHS,"Alternative , Music , Rock , Adult Alternative",$ 1.29,2015 KIDinaKORNER/Interscope Records,1:25,30-Jun-15,Moving Day ( Interlude ),X Ambassadors,VHS [ Clean ],Alternative Rock,$ 1.29,( C ) 2015 KIDinaKORNER/Interscope Records,3:15,"June 30 , 2015","('rtable_Artist_Name', 'rtable_Album_Name', 'rtable_Time', 'rtable_Released')",0.0065117026679217,
138,VHS Outro ( Interlude ),X Ambassadors,VHS,"Alternative , Music , Rock , Adult Alternative",$ 1.29,2015 KIDinaKORNER/Interscope Records,1:25,30-Jun-15,Moving Day ( Interlude ),X Ambassadors,VHS [ Explicit ],Alternative Rock,$ 1.29,( C ) 2015 KIDinaKORNER/Interscope Records,0:19,"June 30 , 2015","('rtable_Artist_Name', 'rtable_Genre', 'rtable_Price', 'rtable_CopyRight')",0.0063871522434055,
139,VHS Outro ( Interlude ),X Ambassadors,VHS,"Alternative , Music , Rock , Adult Alternative",$ 1.29,2015 KIDinaKORNER/Interscope Records,1:25,30-Jun-15,Moving Day ( Interlude ),X Ambassadors,VHS [ Explicit ],Alternative Rock,$ 1.29,( C ) 2015 KIDinaKORNER/Interscope Records,3:15,"June 30 , 2015","('rtable_Artist_Name', 'rtable_Genre', 'rtable_Price', 'rtable_Time')",0.0065424195490777,
140,VHS Outro ( Interlude ),X Ambassadors,VHS,"Alternative , Music , Rock , Adult Alternative",$ 1.29,2015 KIDinaKORNER/Interscope Records,1:25,30-Jun-15,Moving Day ( Interlude ),X Ambassadors,VHS [ Explicit ],Alternative Rock,$ 1.29,( C ) 2015 KIDinaKORNER/Interscope Records,0:19,"June 30 , 2015","('rtable_Artist_Name', 'rtable_Genre', 'rtable_Price', 'rtable_Released')",0.0063871522434055,
141,VHS Outro ( Interlude ),X Ambassadors,VHS,"Alternative , Music , Rock , Adult Alternative",$ 1.29,2015 KIDinaKORNER/Interscope Records,1:25,30-Jun-15,Moving Day ( Interlude ),X Ambassadors,VHS [ Explicit ],Alternative Rock,$ 1.29,( C ) 2015 KIDinaKORNER/Interscope Records,3:15,"June 30 , 2015","('rtable_Artist_Name', 'rtable_Genre', 'rtable_CopyRight', 'rtable_Time')",0.0065424195490777,
142,VHS Outro ( Interlude ),X Ambassadors,VHS,"Alternative , Music , Rock , Adult Alternative",$ 1.29,2015 KIDinaKORNER/Interscope Records,1:25,30-Jun-15,Moving Day ( Interlude ),X Ambassadors,VHS [ Explicit ],Alternative Rock,$ 1.29,( C ) 2015 KIDinaKORNER/Interscope Records,0:19,"June 30 , 2015","('rtable_Artist_Name', 'rtable_Genre', 'rtable_CopyRight', 'rtable_Released')",0.0063871522434055,
143,VHS Outro ( Interlude ),X Ambassadors,VHS,"Alternative , Music , Rock , Adult Alternative",$ 1.29,2015 KIDinaKORNER/Interscope Records,1:25,30-Jun-15,Moving Day ( Interlude ),X Ambassadors,VHS [ Explicit ],Alternative Rock,$ 1.29,( C ) 2015 KIDinaKORNER/Interscope Records,3:15,"June 30 , 2015","('rtable_Artist_Name', 'rtable_Genre', 'rtable_Time', 'rtable_Released')",0.0065424195490777,
144,VHS Outro ( Interlude ),X Ambassadors,VHS,"Alternative , Music , Rock , Adult Alternative",$ 1.29,2015 KIDinaKORNER/Interscope Records,1:25,30-Jun-15,Moving Day ( Interlude ),X Ambassadors,VHS [ Explicit ],Alternative Rock,$ 1.29,( C ) 2015 KIDinaKORNER/Interscope Records,3:15,"June 30 , 2015","('rtable_Artist_Name', 'rtable_Price', 'rtable_CopyRight', 'rtable_Time')",0.0065424195490777,
145,VHS Outro ( Interlude ),X Ambassadors,VHS,"Alternative , Music , Rock , Adult Alternative",$ 1.29,2015 KIDinaKORNER/Interscope Records,1:25,30-Jun-15,Moving Day ( Interlude ),X Ambassadors,VHS [ Explicit ],Alternative Rock,$ 1.29,( C ) 2015 KIDinaKORNER/Interscope Records,0:19,"June 30 , 2015","('rtable_Artist_Name', 'rtable_Price', 'rtable_CopyRight', 'rtable_Released')",0.0063871522434055,
146,VHS Outro ( Interlude ),X Ambassadors,VHS,"Alternative , Music , Rock , Adult Alternative",$ 1.29,2015 KIDinaKORNER/Interscope Records,1:25,30-Jun-15,Moving Day ( Interlude ),X Ambassadors,VHS [ Explicit ],Alternative Rock,$ 1.29,( C ) 2015 KIDinaKORNER/Interscope Records,3:15,"June 30 , 2015","('rtable_Artist_Name', 'rtable_Price', 'rtable_Time', 'rtable_Released')",0.0065424195490777,
147,VHS Outro ( Interlude ),X Ambassadors,VHS,"Alternative , Music , Rock , Adult Alternative",$ 1.29,2015 KIDinaKORNER/Interscope Records,1:25,30-Jun-15,Moving Day ( Interlude ),X Ambassadors,VHS [ Explicit ],Alternative Rock,$ 1.29,( C ) 2015 KIDinaKORNER/Interscope Records,3:15,"June 30 , 2015","('rtable_Artist_Name', 'rtable_CopyRight', 'rtable_Time', 'rtable_Released')",0.0065424195490777,
148,VHS Outro ( Interlude ),X Ambassadors,VHS,"Alternative , Music , Rock , Adult Alternative",$ 1.29,2015 KIDinaKORNER/Interscope Records,1:25,30-Jun-15,Moving Day ( Interlude ),X Ambassadors,VHS [ Clean ],Alternative Rock,$ 1.29,( C ) 2015 KIDinaKORNER/Interscope Records,0:19,"June 30 , 2015","('rtable_Album_Name', 'rtable_Genre', 'rtable_Price', 'rtable_CopyRight')",0.0063538546673953,
149,VHS Outro ( Interlude ),X Ambassadors,VHS,"Alternative , Music , Rock , Adult Alternative",$ 1.29,2015 KIDinaKORNER/Interscope Records,1:25,30-Jun-15,Moving Day ( Interlude ),X Ambassadors,VHS [ Clean ],Alternative Rock,$ 1.29,( C ) 2015 KIDinaKORNER/Interscope Records,3:15,"June 30 , 2015","('rtable_Album_Name', 'rtable_Genre', 'rtable_Price', 'rtable_Time')",0.0065117026679217,
150,VHS Outro ( Interlude ),X Ambassadors,VHS,"Alternative , Music , Rock , Adult Alternative",$ 1.29,2015 KIDinaKORNER/Interscope Records,1:25,30-Jun-15,Moving Day ( Interlude ),X Ambassadors,VHS [ Clean ],Alternative Rock,$ 1.29,( C ) 2015 KIDinaKORNER/Interscope Records,0:19,"June 30 , 2015","('rtable_Album_Name', 'rtable_Genre', 'rtable_Price', 'rtable_Released')",0.0063538546673953,
151,VHS Outro ( Interlude ),X Ambassadors,VHS,"Alternative , Music , Rock , Adult Alternative",$ 1.29,2015 KIDinaKORNER/Interscope Records,1:25,30-Jun-15,Moving Day ( Interlude ),X Ambassadors,VHS [ Clean ],Alternative Rock,$ 1.29,( C ) 2015 KIDinaKORNER/Interscope Records,3:15,"June 30 , 2015","('rtable_Album_Name', 'rtable_Genre', 'rtable_CopyRight', 'rtable_Time')",0.0065117026679217,
152,VHS Outro ( Interlude ),X Ambassadors,VHS,"Alternative , Music , Rock , Adult Alternative",$ 1.29,2015 KIDinaKORNER/Interscope Records,1:25,30-Jun-15,Moving Day ( Interlude ),X Ambassadors,VHS [ Clean ],Alternative Rock,$ 1.29,( C ) 2015 KIDinaKORNER/Interscope Records,0:19,"June 30 , 2015","('rtable_Album_Name', 'rtable_Genre', 'rtable_CopyRight', 'rtable_Released')",0.0063538546673953,
153,VHS Outro ( Interlude ),X Ambassadors,VHS,"Alternative , Music , Rock , Adult Alternative",$ 1.29,2015 KIDinaKORNER/Interscope Records,1:25,30-Jun-15,Moving Day ( Interlude ),X Ambassadors,VHS [ Clean ],Alternative Rock,$ 1.29,( C ) 2015 KIDinaKORNER/Interscope Records,3:15,"June 30 , 2015","('rtable_Album_Name', 'rtable_Genre', 'rtable_Time', 'rtable_Released')",0.0065117026679217,
154,VHS Outro ( Interlude ),X Ambassadors,VHS,"Alternative , Music , Rock , Adult Alternative",$ 1.29,2015 KIDinaKORNER/Interscope Records,1:25,30-Jun-15,Moving Day ( Interlude ),X Ambassadors,VHS [ Clean ],Alternative Rock,$ 1.29,( C ) 2015 KIDinaKORNER/Interscope Records,3:15,"June 30 , 2015","('rtable_Album_Name', 'rtable_Price', 'rtable_CopyRight', 'rtable_Time')",0.0065117026679217,
155,VHS Outro ( Interlude ),X Ambassadors,VHS,"Alternative , Music , Rock , Adult Alternative",$ 1.29,2015 KIDinaKORNER/Interscope Records,1:25,30-Jun-15,Moving Day ( Interlude ),X Ambassadors,VHS [ Clean ],Alternative Rock,$ 1.29,( C ) 2015 KIDinaKORNER/Interscope Records,0:19,"June 30 , 2015","('rtable_Album_Name', 'rtable_Price', 'rtable_CopyRight', 'rtable_Released')",0.0063538546673953,
156,VHS Outro ( Interlude ),X Ambassadors,VHS,"Alternative , Music , Rock , Adult Alternative",$ 1.29,2015 KIDinaKORNER/Interscope Records,1:25,30-Jun-15,Moving Day ( Interlude ),X Ambassadors,VHS [ Clean ],Alternative Rock,$ 1.29,( C ) 2015 KIDinaKORNER/Interscope Records,3:15,"June 30 , 2015","('rtable_Album_Name', 'rtable_Price', 'rtable_Time', 'rtable_Released')",0.0065117026679217,
157,VHS Outro ( Interlude ),X Ambassadors,VHS,"Alternative , Music , Rock , Adult Alternative",$ 1.29,2015 KIDinaKORNER/Interscope Records,1:25,30-Jun-15,Moving Day ( Interlude ),X Ambassadors,VHS [ Clean ],Alternative Rock,$ 1.29,( C ) 2015 KIDinaKORNER/Interscope Records,3:15,"June 30 , 2015","('rtable_Album_Name', 'rtable_CopyRight', 'rtable_Time', 'rtable_Released')",0.0065117026679217,
158,VHS Outro ( Interlude ),X Ambassadors,VHS,"Alternative , Music , Rock , Adult Alternative",$ 1.29,2015 KIDinaKORNER/Interscope Records,1:25,30-Jun-15,Moving Day ( Interlude ),X Ambassadors,VHS [ Explicit ],Alternative Rock,$ 1.29,( C ) 2015 KIDinaKORNER/Interscope Records,3:15,"June 30 , 2015","('rtable_Genre', 'rtable_Price', 'rtable_CopyRight', 'rtable_Time')",0.0065424195490777,
159,VHS Outro ( Interlude ),X Ambassadors,VHS,"Alternative , Music , Rock , Adult Alternative",$ 1.29,2015 KIDinaKORNER/Interscope Records,1:25,30-Jun-15,Moving Day ( Interlude ),X Ambassadors,VHS [ Explicit ],Alternative Rock,$ 1.29,( C ) 2015 KIDinaKORNER/Interscope Records,0:19,"June 30 , 2015","('rtable_Genre', 'rtable_Price', 'rtable_CopyRight', 'rtable_Released')",0.0063871522434055,
160,VHS Outro ( Interlude ),X Ambassadors,VHS,"Alternative , Music , Rock , Adult Alternative",$ 1.29,2015 KIDinaKORNER/Interscope Records,1:25,30-Jun-15,Moving Day ( Interlude ),X Ambassadors,VHS [ Explicit ],Alternative Rock,$ 1.29,( C ) 2015 KIDinaKORNER/Interscope Records,3:15,"June 30 , 2015","('rtable_Genre', 'rtable_Price', 'rtable_Time', 'rtable_Released')",0.0065424195490777,
161,VHS Outro ( Interlude ),X Ambassadors,VHS,"Alternative , Music , Rock , Adult Alternative",$ 1.29,2015 KIDinaKORNER/Interscope Records,1:25,30-Jun-15,Moving Day ( Interlude ),X Ambassadors,VHS [ Explicit ],Alternative Rock,$ 1.29,( C ) 2015 KIDinaKORNER/Interscope Records,3:15,"June 30 , 2015","('rtable_Genre', 'rtable_CopyRight', 'rtable_Time', 'rtable_Released')",0.0065424195490777,
162,VHS Outro ( Interlude ),X Ambassadors,VHS,"Alternative , Music , Rock , Adult Alternative",$ 1.29,2015 KIDinaKORNER/Interscope Records,1:25,30-Jun-15,Moving Day ( Interlude ),X Ambassadors,VHS [ Explicit ],Alternative Rock,$ 1.29,( C ) 2015 KIDinaKORNER/Interscope Records,3:15,"June 30 , 2015","('rtable_Price', 'rtable_CopyRight', 'rtable_Time', 'rtable_Released')",0.0065424195490777,
163,VHS Outro ( Interlude ),X Ambassadors,VHS,"Alternative , Music , Rock , Adult Alternative",$ 1.29,2015 KIDinaKORNER/Interscope Records,1:25,30-Jun-15,Renegades,X Ambassadors,VHS [ Clean ],Alternative Rock,$ 1.29,( C ) 2015 KIDinaKORNER/Interscope Records,0:19,"June 30 , 2015","('rtable_Song_Name', 'rtable_Artist_Name', 'rtable_Album_Name', 'rtable_Genre', 'rtable_Price')",0.4884942770004272,
164,VHS Outro ( Interlude ),X Ambassadors,VHS,"Alternative , Music , Rock , Adult Alternative",$ 1.29,2015 KIDinaKORNER/Interscope Records,1:25,30-Jun-15,Renegades,X Ambassadors,VHS [ Clean ],Alternative Rock,$ 1.29,( C ) 2015 KIDinaKORNER/Interscope Records,0:19,"June 30 , 2015","('rtable_Song_Name', 'rtable_Artist_Name', 'rtable_Album_Name', 'rtable_Genre', 'rtable_CopyRight')",0.4884942770004272,
165,VHS Outro ( Interlude ),X Ambassadors,VHS,"Alternative , Music , Rock , Adult Alternative",$ 1.29,2015 KIDinaKORNER/Interscope Records,1:25,30-Jun-15,Renegades,X Ambassadors,VHS [ Clean ],Alternative Rock,$ 1.29,( C ) 2015 KIDinaKORNER/Interscope Records,3:15,"June 30 , 2015","('rtable_Song_Name', 'rtable_Artist_Name', 'rtable_Album_Name', 'rtable_Genre', 'rtable_Time')",0.5294202566146851,
166,VHS Outro ( Interlude ),X Ambassadors,VHS,"Alternative , Music , Rock , Adult Alternative",$ 1.29,2015 KIDinaKORNER/Interscope Records,1:25,30-Jun-15,Renegades,X Ambassadors,VHS [ Clean ],Alternative Rock,$ 1.29,( C ) 2015 KIDinaKORNER/Interscope Records,0:19,"June 30 , 2015","('rtable_Song_Name', 'rtable_Artist_Name', 'rtable_Album_Name', 'rtable_Genre', 'rtable_Released')",0.4884942770004272,
167,VHS Outro ( Interlude ),X Ambassadors,VHS,"Alternative , Music , Rock , Adult Alternative",$ 1.29,2015 KIDinaKORNER/Interscope Records,1:25,30-Jun-15,Renegades,X Ambassadors,VHS [ Clean ],Alternative Rock,$ 1.29,( C ) 2015 KIDinaKORNER/Interscope Records,0:19,"June 30 , 2015","('rtable_Song_Name', 'rtable_Artist_Name', 'rtable_Album_Name', 'rtable_Price', 'rtable_CopyRight')",0.4884942770004272,
168,VHS Outro ( Interlude ),X Ambassadors,VHS,"Alternative , Music , Rock , Adult Alternative",$ 1.29,2015 KIDinaKORNER/Interscope Records,1:25,30-Jun-15,Renegades,X Ambassadors,VHS [ Clean ],Alternative Rock,$ 1.29,( C ) 2015 KIDinaKORNER/Interscope Records,3:15,"June 30 , 2015","('rtable_Song_Name', 'rtable_Artist_Name', 'rtable_Album_Name', 'rtable_Price', 'rtable_Time')",0.5294202566146851,
169,VHS Outro ( Interlude ),X Ambassadors,VHS,"Alternative , Music , Rock , Adult Alternative",$ 1.29,2015 KIDinaKORNER/Interscope Records,1:25,30-Jun-15,Renegades,X Ambassadors,VHS [ Clean ],Alternative Rock,$ 1.29,( C ) 2015 KIDinaKORNER/Interscope Records,0:19,"June 30 , 2015","('rtable_Song_Name', 'rtable_Artist_Name', 'rtable_Album_Name', 'rtable_Price', 'rtable_Released')",0.4884942770004272,
170,VHS Outro ( Interlude ),X Ambassadors,VHS,"Alternative , Music , Rock , Adult Alternative",$ 1.29,2015 KIDinaKORNER/Interscope Records,1:25,30-Jun-15,Renegades,X Ambassadors,VHS [ Clean ],Alternative Rock,$ 1.29,( C ) 2015 KIDinaKORNER/Interscope Records,3:15,"June 30 , 2015","('rtable_Song_Name', 'rtable_Artist_Name', 'rtable_Album_Name', 'rtable_CopyRight', 'rtable_Time')",0.5294202566146851,
171,VHS Outro ( Interlude ),X Ambassadors,VHS,"Alternative , Music , Rock , Adult Alternative",$ 1.29,2015 KIDinaKORNER/Interscope Records,1:25,30-Jun-15,Renegades,X Ambassadors,VHS [ Clean ],Alternative Rock,$ 1.29,( C ) 2015 KIDinaKORNER/Interscope Records,0:19,"June 30 , 2015","('rtable_Song_Name', 'rtable_Artist_Name', 'rtable_Album_Name', 'rtable_CopyRight', 'rtable_Released')",0.4884942770004272,
172,VHS Outro ( Interlude ),X Ambassadors,VHS,"Alternative , Music , Rock , Adult Alternative",$ 1.29,2015 KIDinaKORNER/Interscope Records,1:25,30-Jun-15,Renegades,X Ambassadors,VHS [ Clean ],Alternative Rock,$ 1.29,( C ) 2015 KIDinaKORNER/Interscope Records,3:15,"June 30 , 2015","('rtable_Song_Name', 'rtable_Artist_Name', 'rtable_Album_Name', 'rtable_Time', 'rtable_Released')",0.5294202566146851,
173,VHS Outro ( Interlude ),X Ambassadors,VHS,"Alternative , Music , Rock , Adult Alternative",$ 1.29,2015 KIDinaKORNER/Interscope Records,1:25,30-Jun-15,Renegades,X Ambassadors,VHS [ Explicit ],Alternative Rock,$ 1.29,( C ) 2015 KIDinaKORNER/Interscope Records,0:19,"June 30 , 2015","('rtable_Song_Name', 'rtable_Artist_Name', 'rtable_Genre', 'rtable_Price', 'rtable_CopyRight')",0.6737229228019714,
174,VHS Outro ( Interlude ),X Ambassadors,VHS,"Alternative , Music , Rock , Adult Alternative",$ 1.29,2015 KIDinaKORNER/Interscope Records,1:25,30-Jun-15,Renegades,X Ambassadors,VHS [ Explicit ],Alternative Rock,$ 1.29,( C ) 2015 KIDinaKORNER/Interscope Records,3:15,"June 30 , 2015","('rtable_Song_Name', 'rtable_Artist_Name', 'rtable_Genre', 'rtable_Price', 'rtable_Time')",0.7088086009025574,
175,VHS Outro ( Interlude ),X Ambassadors,VHS,"Alternative , Music , Rock , Adult Alternative",$ 1.29,2015 KIDinaKORNER/Interscope Records,1:25,30-Jun-15,Renegades,X Ambassadors,VHS [ Explicit ],Alternative Rock,$ 1.29,( C ) 2015 KIDinaKORNER/Interscope Records,0:19,"June 30 , 2015","('rtable_Song_Name', 'rtable_Artist_Name', 'rtable_Genre', 'rtable_Price', 'rtable_Released')",0.6737229228019714,
176,VHS Outro ( Interlude ),X Ambassadors,VHS,"Alternative , Music , Rock , Adult Alternative",$ 1.29,2015 KIDinaKORNER/Interscope Records,1:25,30-Jun-15,Renegades,X Ambassadors,VHS [ Explicit ],Alternative Rock,$ 1.29,( C ) 2015 KIDinaKORNER/Interscope Records,3:15,"June 30 , 2015","('rtable_Song_Name', 'rtable_Artist_Name', 'rtable_Genre', 'rtable_CopyRight', 'rtable_Time')",0.7088086009025574,
177,VHS Outro ( Interlude ),X Ambassadors,VHS,"Alternative , Music , Rock , Adult Alternative",$ 1.29,2015 KIDinaKORNER/Interscope Records,1:25,30-Jun-15,Renegades,X Ambassadors,VHS [ Explicit ],Alternative Rock,$ 1.29,( C ) 2015 KIDinaKORNER/Interscope Records,0:19,"June 30 , 2015","('rtable_Song_Name', 'rtable_Artist_Name', 'rtable_Genre', 'rtable_CopyRight', 'rtable_Released')",0.6737229228019714,
178,VHS Outro ( Interlude ),X Ambassadors,VHS,"Alternative , Music , Rock , Adult Alternative",$ 1.29,2015 KIDinaKORNER/Interscope Records,1:25,30-Jun-15,Renegades,X Ambassadors,VHS [ Explicit ],Alternative Rock,$ 1.29,( C ) 2015 KIDinaKORNER/Interscope Records,3:15,"June 30 , 2015","('rtable_Song_Name', 'rtable_Artist_Name', 'rtable_Genre', 'rtable_Time', 'rtable_Released')",0.7088086009025574,
179,VHS Outro ( Interlude ),X Ambassadors,VHS,"Alternative , Music , Rock , Adult Alternative",$ 1.29,2015 KIDinaKORNER/Interscope Records,1:25,30-Jun-15,Renegades,X Ambassadors,VHS [ Explicit ],Alternative Rock,$ 1.29,( C ) 2015 KIDinaKORNER/Interscope Records,3:15,"June 30 , 2015","('rtable_Song_Name', 'rtable_Artist_Name', 'rtable_Price', 'rtable_CopyRight', 'rtable_Time')",0.7088086009025574,
180,VHS Outro ( Interlude ),X Ambassadors,VHS,"Alternative , Music , Rock , Adult Alternative",$ 1.29,2015 KIDinaKORNER/Interscope Records,1:25,30-Jun-15,Renegades,X Ambassadors,VHS [ Explicit ],Alternative Rock,$ 1.29,( C ) 2015 KIDinaKORNER/Interscope Records,0:19,"June 30 , 2015","('rtable_Song_Name', 'rtable_Artist_Name', 'rtable_Price', 'rtable_CopyRight', 'rtable_Released')",0.6737229228019714,
181,VHS Outro ( Interlude ),X Ambassadors,VHS,"Alternative , Music , Rock , Adult Alternative",$ 1.29,2015 KIDinaKORNER/Interscope Records,1:25,30-Jun-15,Renegades,X Ambassadors,VHS [ Explicit ],Alternative Rock,$ 1.29,( C ) 2015 KIDinaKORNER/Interscope Records,3:15,"June 30 , 2015","('rtable_Song_Name', 'rtable_Artist_Name', 'rtable_Price', 'rtable_Time', 'rtable_Released')",0.7088086009025574,
182,VHS Outro ( Interlude ),X Ambassadors,VHS,"Alternative , Music , Rock , Adult Alternative",$ 1.29,2015 KIDinaKORNER/Interscope Records,1:25,30-Jun-15,Renegades,X Ambassadors,VHS [ Explicit ],Alternative Rock,$ 1.29,( C ) 2015 KIDinaKORNER/Interscope Records,3:15,"June 30 , 2015","('rtable_Song_Name', 'rtable_Artist_Name', 'rtable_CopyRight', 'rtable_Time', 'rtable_Released')",0.7088086009025574,
183,VHS Outro ( Interlude ),X Ambassadors,VHS,"Alternative , Music , Rock , Adult Alternative",$ 1.29,2015 KIDinaKORNER/Interscope Records,1:25,30-Jun-15,Renegades,X Ambassadors,VHS [ Clean ],Alternative Rock,$ 1.29,( C ) 2015 KIDinaKORNER/Interscope Records,0:19,"June 30 , 2015","('rtable_Song_Name', 'rtable_Album_Name', 'rtable_Genre', 'rtable_Price', 'rtable_CopyRight')",0.4884942770004272,
184,VHS Outro ( Interlude ),X Ambassadors,VHS,"Alternative , Music , Rock , Adult Alternative",$ 1.29,2015 KIDinaKORNER/Interscope Records,1:25,30-Jun-15,Renegades,X Ambassadors,VHS [ Clean ],Alternative Rock,$ 1.29,( C ) 2015 KIDinaKORNER/Interscope Records,3:15,"June 30 , 2015","('rtable_Song_Name', 'rtable_Album_Name', 'rtable_Genre', 'rtable_Price', 'rtable_Time')",0.5294202566146851,
185,VHS Outro ( Interlude ),X Ambassadors,VHS,"Alternative , Music , Rock , Adult Alternative",$ 1.29,2015 KIDinaKORNER/Interscope Records,1:25,30-Jun-15,Renegades,X Ambassadors,VHS [ Clean ],Alternative Rock,$ 1.29,( C ) 2015 KIDinaKORNER/Interscope Records,0:19,"June 30 , 2015","('rtable_Song_Name', 'rtable_Album_Name', 'rtable_Genre', 'rtable_Price', 'rtable_Released')",0.4884942770004272,
186,VHS Outro ( Interlude ),X Ambassadors,VHS,"Alternative , Music , Rock , Adult Alternative",$ 1.29,2015 KIDinaKORNER/Interscope Records,1:25,30-Jun-15,Renegades,X Ambassadors,VHS [ Clean ],Alternative Rock,$ 1.29,( C ) 2015 KIDinaKORNER/Interscope Records,3:15,"June 30 , 2015","('rtable_Song_Name', 'rtable_Album_Name', 'rtable_Genre', 'rtable_CopyRight', 'rtable_Time')",0.5294202566146851,
187,VHS Outro ( Interlude ),X Ambassadors,VHS,"Alternative , Music , Rock , Adult Alternative",$ 1.29,2015 KIDinaKORNER/Interscope Records,1:25,30-Jun-15,Renegades,X Ambassadors,VHS [ Clean ],Alternative Rock,$ 1.29,( C ) 2015 KIDinaKORNER/Interscope Records,0:19,"June 30 , 2015","('rtable_Song_Name', 'rtable_Album_Name', 'rtable_Genre', 'rtable_CopyRight', 'rtable_Released')",0.4884942770004272,
188,VHS Outro ( Interlude ),X Ambassadors,VHS,"Alternative , Music , Rock , Adult Alternative",$ 1.29,2015 KIDinaKORNER/Interscope Records,1:25,30-Jun-15,Renegades,X Ambassadors,VHS [ Clean ],Alternative Rock,$ 1.29,( C ) 2015 KIDinaKORNER/Interscope Records,3:15,"June 30 , 2015","('rtable_Song_Name', 'rtable_Album_Name', 'rtable_Genre', 'rtable_Time', 'rtable_Released')",0.5294202566146851,
189,VHS Outro ( Interlude ),X Ambassadors,VHS,"Alternative , Music , Rock , Adult Alternative",$ 1.29,2015 KIDinaKORNER/Interscope Records,1:25,30-Jun-15,Renegades,X Ambassadors,VHS [ Clean ],Alternative Rock,$ 1.29,( C ) 2015 KIDinaKORNER/Interscope Records,3:15,"June 30 , 2015","('rtable_Song_Name', 'rtable_Album_Name', 'rtable_Price', 'rtable_CopyRight', 'rtable_Time')",0.5294202566146851,
190,VHS Outro ( Interlude ),X Ambassadors,VHS,"Alternative , Music , Rock , Adult Alternative",$ 1.29,2015 KIDinaKORNER/Interscope Records,1:25,30-Jun-15,Renegades,X Ambassadors,VHS [ Clean ],Alternative Rock,$ 1.29,( C ) 2015 KIDinaKORNER/Interscope Records,0:19,"June 30 , 2015","('rtable_Song_Name', 'rtable_Album_Name', 'rtable_Price', 'rtable_CopyRight', 'rtable_Released')",0.4884942770004272,
191,VHS Outro ( Interlude ),X Ambassadors,VHS,"Alternative , Music , Rock , Adult Alternative",$ 1.29,2015 KIDinaKORNER/Interscope Records,1:25,30-Jun-15,Renegades,X Ambassadors,VHS [ Clean ],Alternative Rock,$ 1.29,( C ) 2015 KIDinaKORNER/Interscope Records,3:15,"June 30 , 2015","('rtable_Song_Name', 'rtable_Album_Name', 'rtable_Price', 'rtable_Time', 'rtable_Released')",0.5294202566146851,
192,VHS Outro ( Interlude ),X Ambassadors,VHS,"Alternative , Music , Rock , Adult Alternative",$ 1.29,2015 KIDinaKORNER/Interscope Records,1:25,30-Jun-15,Renegades,X Ambassadors,VHS [ Clean ],Alternative Rock,$ 1.29,( C ) 2015 KIDinaKORNER/Interscope Records,3:15,"June 30 , 2015","('rtable_Song_Name', 'rtable_Album_Name', 'rtable_CopyRight', 'rtable_Time', 'rtable_Released')",0.5294202566146851,
193,VHS Outro ( Interlude ),X Ambassadors,VHS,"Alternative , Music , Rock , Adult Alternative",$ 1.29,2015 KIDinaKORNER/Interscope Records,1:25,30-Jun-15,Renegades,X Ambassadors,VHS [ Explicit ],Alternative Rock,$ 1.29,( C ) 2015 KIDinaKORNER/Interscope Records,3:15,"June 30 , 2015","('rtable_Song_Name', 'rtable_Genre', 'rtable_Price', 'rtable_CopyRight', 'rtable_Time')",0.7088086009025574,
194,VHS Outro ( Interlude ),X Ambassadors,VHS,"Alternative , Music , Rock , Adult Alternative",$ 1.29,2015 KIDinaKORNER/Interscope Records,1:25,30-Jun-15,Renegades,X Ambassadors,VHS [ Explicit ],Alternative Rock,$ 1.29,( C ) 2015 KIDinaKORNER/Interscope Records,0:19,"June 30 , 2015","('rtable_Song_Name', 'rtable_Genre', 'rtable_Price', 'rtable_CopyRight', 'rtable_Released')",0.6737229228019714,
195,VHS Outro ( Interlude ),X Ambassadors,VHS,"Alternative , Music , Rock , Adult Alternative",$ 1.29,2015 KIDinaKORNER/Interscope Records,1:25,30-Jun-15,Renegades,X Ambassadors,VHS [ Explicit ],Alternative Rock,$ 1.29,( C ) 2015 KIDinaKORNER/Interscope Records,3:15,"June 30 , 2015","('rtable_Song_Name', 'rtable_Genre', 'rtable_Price', 'rtable_Time', 'rtable_Released')",0.7088086009025574,
196,VHS Outro ( Interlude ),X Ambassadors,VHS,"Alternative , Music , Rock , Adult Alternative",$ 1.29,2015 KIDinaKORNER/Interscope Records,1:25,30-Jun-15,Renegades,X Ambassadors,VHS [ Explicit ],Alternative Rock,$ 1.29,( C ) 2015 KIDinaKORNER/Interscope Records,3:15,"June 30 , 2015","('rtable_Song_Name', 'rtable_Genre', 'rtable_CopyRight', 'rtable_Time', 'rtable_Released')",0.7088086009025574,
197,VHS Outro ( Interlude ),X Ambassadors,VHS,"Alternative , Music , Rock , Adult Alternative",$ 1.29,2015 KIDinaKORNER/Interscope Records,1:25,30-Jun-15,Renegades,X Ambassadors,VHS [ Explicit ],Alternative Rock,$ 1.29,( C ) 2015 KIDinaKORNER/Interscope Records,3:15,"June 30 , 2015","('rtable_Song_Name', 'rtable_Price', 'rtable_CopyRight', 'rtable_Time', 'rtable_Released')",0.7088086009025574,
198,VHS Outro ( Interlude ),X Ambassadors,VHS,"Alternative , Music , Rock , Adult Alternative",$ 1.29,2015 KIDinaKORNER/Interscope Records,1:25,30-Jun-15,Moving Day ( Interlude ),X Ambassadors,VHS [ Clean ],Alternative Rock,$ 1.29,( C ) 2015 KIDinaKORNER/Interscope Records,0:19,"June 30 , 2015","('rtable_Artist_Name', 'rtable_Album_Name', 'rtable_Genre', 'rtable_Price', 'rtable_CopyRight')",0.0063538546673953,
199,VHS Outro ( Interlude ),X Ambassadors,VHS,"Alternative , Music , Rock , Adult Alternative",$ 1.29,2015 KIDinaKORNER/Interscope Records,1:25,30-Jun-15,Moving Day ( Interlude ),X Ambassadors,VHS [ Clean ],Alternative Rock,$ 1.29,( C ) 2015 KIDinaKORNER/Interscope Records,3:15,"June 30 , 2015","('rtable_Artist_Name', 'rtable_Album_Name', 'rtable_Genre', 'rtable_Price', 'rtable_Time')",0.0065117026679217,
200,VHS Outro ( Interlude ),X Ambassadors,VHS,"Alternative , Music , Rock , Adult Alternative",$ 1.29,2015 KIDinaKORNER/Interscope Records,1:25,30-Jun-15,Moving Day ( Interlude ),X Ambassadors,VHS [ Clean ],Alternative Rock,$ 1.29,( C ) 2015 KIDinaKORNER/Interscope Records,0:19,"June 30 , 2015","('rtable_Artist_Name', 'rtable_Album_Name', 'rtable_Genre', 'rtable_Price', 'rtable_Released')",0.0063538546673953,
201,VHS Outro ( Interlude ),X Ambassadors,VHS,"Alternative , Music , Rock , Adult Alternative",$ 1.29,2015 KIDinaKORNER/Interscope Records,1:25,30-Jun-15,Moving Day ( Interlude ),X Ambassadors,VHS [ Clean ],Alternative Rock,$ 1.29,( C ) 2015 KIDinaKORNER/Interscope Records,3:15,"June 30 , 2015","('rtable_Artist_Name', 'rtable_Album_Name', 'rtable_Genre', 'rtable_CopyRight', 'rtable_Time')",0.0065117026679217,
202,VHS Outro ( Interlude ),X Ambassadors,VHS,"Alternative , Music , Rock , Adult Alternative",$ 1.29,2015 KIDinaKORNER/Interscope Records,1:25,30-Jun-15,Moving Day ( Interlude ),X Ambassadors,VHS [ Clean ],Alternative Rock,$ 1.29,( C ) 2015 KIDinaKORNER/Interscope Records,0:19,"June 30 , 2015","('rtable_Artist_Name', 'rtable_Album_Name', 'rtable_Genre', 'rtable_CopyRight', 'rtable_Released')",0.0063538546673953,
203,VHS Outro ( Interlude ),X Ambassadors,VHS,"Alternative , Music , Rock , Adult Alternative",$ 1.29,2015 KIDinaKORNER/Interscope Records,1:25,30-Jun-15,Moving Day ( Interlude ),X Ambassadors,VHS [ Clean ],Alternative Rock,$ 1.29,( C ) 2015 KIDinaKORNER/Interscope Records,3:15,"June 30 , 2015","('rtable_Artist_Name', 'rtable_Album_Name', 'rtable_Genre', 'rtable_Time', 'rtable_Released')",0.0065117026679217,
204,VHS Outro ( Interlude ),X Ambassadors,VHS,"Alternative , Music , Rock , Adult Alternative",$ 1.29,2015 KIDinaKORNER/Interscope Records,1:25,30-Jun-15,Moving Day ( Interlude ),X Ambassadors,VHS [ Clean ],Alternative Rock,$ 1.29,( C ) 2015 KIDinaKORNER/Interscope Records,3:15,"June 30 , 2015","('rtable_Artist_Name', 'rtable_Album_Name', 'rtable_Price', 'rtable_CopyRight', 'rtable_Time')",0.0065117026679217,
205,VHS Outro ( Interlude ),X Ambassadors,VHS,"Alternative , Music , Rock , Adult Alternative",$ 1.29,2015 KIDinaKORNER/Interscope Records,1:25,30-Jun-15,Moving Day ( Interlude ),X Ambassadors,VHS [ Clean ],Alternative Rock,$ 1.29,( C ) 2015 KIDinaKORNER/Interscope Records,0:19,"June 30 , 2015","('rtable_Artist_Name', 'rtable_Album_Name', 'rtable_Price', 'rtable_CopyRight', 'rtable_Released')",0.0063538546673953,
206,VHS Outro ( Interlude ),X Ambassadors,VHS,"Alternative , Music , Rock , Adult Alternative",$ 1.29,2015 KIDinaKORNER/Interscope Records,1:25,30-Jun-15,Moving Day ( Interlude ),X Ambassadors,VHS [ Clean ],Alternative Rock,$ 1.29,( C ) 2015 KIDinaKORNER/Interscope Records,3:15,"June 30 , 2015","('rtable_Artist_Name', 'rtable_Album_Name', 'rtable_Price', 'rtable_Time', 'rtable_Released')",0.0065117026679217,
207,VHS Outro ( Interlude ),X Ambassadors,VHS,"Alternative , Music , Rock , Adult Alternative",$ 1.29,2015 KIDinaKORNER/Interscope Records,1:25,30-Jun-15,Moving Day ( Interlude ),X Ambassadors,VHS [ Clean ],Alternative Rock,$ 1.29,( C ) 2015 KIDinaKORNER/Interscope Records,3:15,"June 30 , 2015","('rtable_Artist_Name', 'rtable_Album_Name', 'rtable_CopyRight', 'rtable_Time', 'rtable_Released')",0.0065117026679217,
208,VHS Outro ( Interlude ),X Ambassadors,VHS,"Alternative , Music , Rock , Adult Alternative",$ 1.29,2015 KIDinaKORNER/Interscope Records,1:25,30-Jun-15,Moving Day ( Interlude ),X Ambassadors,VHS [ Explicit ],Alternative Rock,$ 1.29,( C ) 2015 KIDinaKORNER/Interscope Records,3:15,"June 30 , 2015","('rtable_Artist_Name', 'rtable_Genre', 'rtable_Price', 'rtable_CopyRight', 'rtable_Time')",0.0065424195490777,
209,VHS Outro ( Interlude ),X Ambassadors,VHS,"Alternative , Music , Rock , Adult Alternative",$ 1.29,2015 KIDinaKORNER/Interscope Records,1:25,30-Jun-15,Moving Day ( Interlude ),X Ambassadors,VHS [ Explicit ],Alternative Rock,$ 1.29,( C ) 2015 KIDinaKORNER/Interscope Records,0:19,"June 30 , 2015","('rtable_Artist_Name', 'rtable_Genre', 'rtable_Price', 'rtable_CopyRight', 'rtable_Released')",0.0063871522434055,
210,VHS Outro ( Interlude ),X Ambassadors,VHS,"Alternative , Music , Rock , Adult Alternative",$ 1.29,2015 KIDinaKORNER/Interscope Records,1:25,30-Jun-15,Moving Day ( Interlude ),X Ambassadors,VHS [ Explicit ],Alternative Rock,$ 1.29,( C ) 2015 KIDinaKORNER/Interscope Records,3:15,"June 30 , 2015","('rtable_Artist_Name', 'rtable_Genre', 'rtable_Price', 'rtable_Time', 'rtable_Released')",0.0065424195490777,
211,VHS Outro ( Interlude ),X Ambassadors,VHS,"Alternative , Music , Rock , Adult Alternative",$ 1.29,2015 KIDinaKORNER/Interscope Records,1:25,30-Jun-15,Moving Day ( Interlude ),X Ambassadors,VHS [ Explicit ],Alternative Rock,$ 1.29,( C ) 2015 KIDinaKORNER/Interscope Records,3:15,"June 30 , 2015","('rtable_Artist_Name', 'rtable_Genre', 'rtable_CopyRight', 'rtable_Time', 'rtable_Released')",0.0065424195490777,
212,VHS Outro ( Interlude ),X Ambassadors,VHS,"Alternative , Music , Rock , Adult Alternative",$ 1.29,2015 KIDinaKORNER/Interscope Records,1:25,30-Jun-15,Moving Day ( Interlude ),X Ambassadors,VHS [ Explicit ],Alternative Rock,$ 1.29,( C ) 2015 KIDinaKORNER/Interscope Records,3:15,"June 30 , 2015","('rtable_Artist_Name', 'rtable_Price', 'rtable_CopyRight', 'rtable_Time', 'rtable_Released')",0.0065424195490777,
213,VHS Outro ( Interlude ),X Ambassadors,VHS,"Alternative , Music , Rock , Adult Alternative",$ 1.29,2015 KIDinaKORNER/Interscope Records,1:25,30-Jun-15,Moving Day ( Interlude ),X Ambassadors,VHS [ Clean ],Alternative Rock,$ 1.29,( C ) 2015 KIDinaKORNER/Interscope Records,3:15,"June 30 , 2015","('rtable_Album_Name', 'rtable_Genre', 'rtable_Price', 'rtable_CopyRight', 'rtable_Time')",0.0065117026679217,
214,VHS Outro ( Interlude ),X Ambassadors,VHS,"Alternative , Music , Rock , Adult Alternative",$ 1.29,2015 KIDinaKORNER/Interscope Records,1:25,30-Jun-15,Moving Day ( Interlude ),X Ambassadors,VHS [ Clean ],Alternative Rock,$ 1.29,( C ) 2015 KIDinaKORNER/Interscope Records,0:19,"June 30 , 2015","('rtable_Album_Name', 'rtable_Genre', 'rtable_Price', 'rtable_CopyRight', 'rtable_Released')",0.0063538546673953,
215,VHS Outro ( Interlude ),X Ambassadors,VHS,"Alternative , Music , Rock , Adult Alternative",$ 1.29,2015 KIDinaKORNER/Interscope Records,1:25,30-Jun-15,Moving Day ( Interlude ),X Ambassadors,VHS [ Clean ],Alternative Rock,$ 1.29,( C ) 2015 KIDinaKORNER/Interscope Records,3:15,"June 30 , 2015","('rtable_Album_Name', 'rtable_Genre', 'rtable_Price', 'rtable_Time', 'rtable_Released')",0.0065117026679217,
216,VHS Outro ( Interlude ),X Ambassadors,VHS,"Alternative , Music , Rock , Adult Alternative",$ 1.29,2015 KIDinaKORNER/Interscope Records,1:25,30-Jun-15,Moving Day ( Interlude ),X Ambassadors,VHS [ Clean ],Alternative Rock,$ 1.29,( C ) 2015 KIDinaKORNER/Interscope Records,3:15,"June 30 , 2015","('rtable_Album_Name', 'rtable_Genre', 'rtable_CopyRight', 'rtable_Time', 'rtable_Released')",0.0065117026679217,
217,VHS Outro ( Interlude ),X Ambassadors,VHS,"Alternative , Music , Rock , Adult Alternative",$ 1.29,2015 KIDinaKORNER/Interscope Records,1:25,30-Jun-15,Moving Day ( Interlude ),X Ambassadors,VHS [ Clean ],Alternative Rock,$ 1.29,( C ) 2015 KIDinaKORNER/Interscope Records,3:15,"June 30 , 2015","('rtable_Album_Name', 'rtable_Price', 'rtable_CopyRight', 'rtable_Time', 'rtable_Released')",0.0065117026679217,
218,VHS Outro ( Interlude ),X Ambassadors,VHS,"Alternative , Music , Rock , Adult Alternative",$ 1.29,2015 KIDinaKORNER/Interscope Records,1:25,30-Jun-15,Moving Day ( Interlude ),X Ambassadors,VHS [ Explicit ],Alternative Rock,$ 1.29,( C ) 2015 KIDinaKORNER/Interscope Records,3:15,"June 30 , 2015","('rtable_Genre', 'rtable_Price', 'rtable_CopyRight', 'rtable_Time', 'rtable_Released')",0.0065424195490777,
219,VHS Outro ( Interlude ),X Ambassadors,VHS,"Alternative , Music , Rock , Adult Alternative",$ 1.29,2015 KIDinaKORNER/Interscope Records,1:25,30-Jun-15,Renegades,X Ambassadors,VHS [ Clean ],Alternative Rock,$ 1.29,( C ) 2015 KIDinaKORNER/Interscope Records,0:19,"June 30 , 2015","('rtable_Song_Name', 'rtable_Artist_Name', 'rtable_Album_Name', 'rtable_Genre', 'rtable_Price', 'rtable_CopyRight')",0.4884942770004272,
220,VHS Outro ( Interlude ),X Ambassadors,VHS,"Alternative , Music , Rock , Adult Alternative",$ 1.29,2015 KIDinaKORNER/Interscope Records,1:25,30-Jun-15,Renegades,X Ambassadors,VHS [ Clean ],Alternative Rock,$ 1.29,( C ) 2015 KIDinaKORNER/Interscope Records,3:15,"June 30 , 2015","('rtable_Song_Name', 'rtable_Artist_Name', 'rtable_Album_Name', 'rtable_Genre', 'rtable_Price', 'rtable_Time')",0.5294202566146851,
221,VHS Outro ( Interlude ),X Ambassadors,VHS,"Alternative , Music , Rock , Adult Alternative",$ 1.29,2015 KIDinaKORNER/Interscope Records,1:25,30-Jun-15,Renegades,X Ambassadors,VHS [ Clean ],Alternative Rock,$ 1.29,( C ) 2015 KIDinaKORNER/Interscope Records,0:19,"June 30 , 2015","('rtable_Song_Name', 'rtable_Artist_Name', 'rtable_Album_Name', 'rtable_Genre', 'rtable_Price', 'rtable_Released')",0.4884942770004272,
222,VHS Outro ( Interlude ),X Ambassadors,VHS,"Alternative , Music , Rock , Adult Alternative",$ 1.29,2015 KIDinaKORNER/Interscope Records,1:25,30-Jun-15,Renegades,X Ambassadors,VHS [ Clean ],Alternative Rock,$ 1.29,( C ) 2015 KIDinaKORNER/Interscope Records,3:15,"June 30 , 2015","('rtable_Song_Name', 'rtable_Artist_Name', 'rtable_Album_Name', 'rtable_Genre', 'rtable_CopyRight', 'rtable_Time')",0.5294202566146851,
223,VHS Outro ( Interlude ),X Ambassadors,VHS,"Alternative , Music , Rock , Adult Alternative",$ 1.29,2015 KIDinaKORNER/Interscope Records,1:25,30-Jun-15,Renegades,X Ambassadors,VHS [ Clean ],Alternative Rock,$ 1.29,( C ) 2015 KIDinaKORNER/Interscope Records,0:19,"June 30 , 2015","('rtable_Song_Name', 'rtable_Artist_Name', 'rtable_Album_Name', 'rtable_Genre', 'rtable_CopyRight', 'rtable_Released')",0.4884942770004272,
224,VHS Outro ( Interlude ),X Ambassadors,VHS,"Alternative , Music , Rock , Adult Alternative",$ 1.29,2015 KIDinaKORNER/Interscope Records,1:25,30-Jun-15,Renegades,X Ambassadors,VHS [ Clean ],Alternative Rock,$ 1.29,( C ) 2015 KIDinaKORNER/Interscope Records,3:15,"June 30 , 2015","('rtable_Song_Name', 'rtable_Artist_Name', 'rtable_Album_Name', 'rtable_Genre', 'rtable_Time', 'rtable_Released')",0.5294202566146851,
225,VHS Outro ( Interlude ),X Ambassadors,VHS,"Alternative , Music , Rock , Adult Alternative",$ 1.29,2015 KIDinaKORNER/Interscope Records,1:25,30-Jun-15,Renegades,X Ambassadors,VHS [ Clean ],Alternative Rock,$ 1.29,( C ) 2015 KIDinaKORNER/Interscope Records,3:15,"June 30 , 2015","('rtable_Song_Name', 'rtable_Artist_Name', 'rtable_Album_Name', 'rtable_Price', 'rtable_CopyRight', 'rtable_Time')",0.5294202566146851,
226,VHS Outro ( Interlude ),X Ambassadors,VHS,"Alternative , Music , Rock , Adult Alternative",$ 1.29,2015 KIDinaKORNER/Interscope Records,1:25,30-Jun-15,Renegades,X Ambassadors,VHS [ Clean ],Alternative Rock,$ 1.29,( C ) 2015 KIDinaKORNER/Interscope Records,0:19,"June 30 , 2015","('rtable_Song_Name', 'rtable_Artist_Name', 'rtable_Album_Name', 'rtable_Price', 'rtable_CopyRight', 'rtable_Released')",0.4884942770004272,
227,VHS Outro ( Interlude ),X Ambassadors,VHS,"Alternative , Music , Rock , Adult Alternative",$ 1.29,2015 KIDinaKORNER/Interscope Records,1:25,30-Jun-15,Renegades,X Ambassadors,VHS [ Clean ],Alternative Rock,$ 1.29,( C ) 2015 KIDinaKORNER/Interscope Records,3:15,"June 30 , 2015","('rtable_Song_Name', 'rtable_Artist_Name', 'rtable_Album_Name', 'rtable_Price', 'rtable_Time', 'rtable_Released')",0.5294202566146851,
228,VHS Outro ( Interlude ),X Ambassadors,VHS,"Alternative , Music , Rock , Adult Alternative",$ 1.29,2015 KIDinaKORNER/Interscope Records,1:25,30-Jun-15,Renegades,X Ambassadors,VHS [ Clean ],Alternative Rock,$ 1.29,( C ) 2015 KIDinaKORNER/Interscope Records,3:15,"June 30 , 2015","('rtable_Song_Name', 'rtable_Artist_Name', 'rtable_Album_Name', 'rtable_CopyRight', 'rtable_Time', 'rtable_Released')",0.5294202566146851,
229,VHS Outro ( Interlude ),X Ambassadors,VHS,"Alternative , Music , Rock , Adult Alternative",$ 1.29,2015 KIDinaKORNER/Interscope Records,1:25,30-Jun-15,Renegades,X Ambassadors,VHS [ Explicit ],Alternative Rock,$ 1.29,( C ) 2015 KIDinaKORNER/Interscope Records,3:15,"June 30 , 2015","('rtable_Song_Name', 'rtable_Artist_Name', 'rtable_Genre', 'rtable_Price', 'rtable_CopyRight', 'rtable_Time')",0.7088086009025574,
230,VHS Outro ( Interlude ),X Ambassadors,VHS,"Alternative , Music , Rock , Adult Alternative",$ 1.29,2015 KIDinaKORNER/Interscope Records,1:25,30-Jun-15,Renegades,X Ambassadors,VHS [ Explicit ],Alternative Rock,$ 1.29,( C ) 2015 KIDinaKORNER/Interscope Records,0:19,"June 30 , 2015","('rtable_Song_Name', 'rtable_Artist_Name', 'rtable_Genre', 'rtable_Price', 'rtable_CopyRight', 'rtable_Released')",0.6737229228019714,
231,VHS Outro ( Interlude ),X Ambassadors,VHS,"Alternative , Music , Rock , Adult Alternative",$ 1.29,2015 KIDinaKORNER/Interscope Records,1:25,30-Jun-15,Renegades,X Ambassadors,VHS [ Explicit ],Alternative Rock,$ 1.29,( C ) 2015 KIDinaKORNER/Interscope Records,3:15,"June 30 , 2015","('rtable_Song_Name', 'rtable_Artist_Name', 'rtable_Genre', 'rtable_Price', 'rtable_Time', 'rtable_Released')",0.7088086009025574,
232,VHS Outro ( Interlude ),X Ambassadors,VHS,"Alternative , Music , Rock , Adult Alternative",$ 1.29,2015 KIDinaKORNER/Interscope Records,1:25,30-Jun-15,Renegades,X Ambassadors,VHS [ Explicit ],Alternative Rock,$ 1.29,( C ) 2015 KIDinaKORNER/Interscope Records,3:15,"June 30 , 2015","('rtable_Song_Name', 'rtable_Artist_Name', 'rtable_Genre', 'rtable_CopyRight', 'rtable_Time', 'rtable_Released')",0.7088086009025574,
233,VHS Outro ( Interlude ),X Ambassadors,VHS,"Alternative , Music , Rock , Adult Alternative",$ 1.29,2015 KIDinaKORNER/Interscope Records,1:25,30-Jun-15,Renegades,X Ambassadors,VHS [ Explicit ],Alternative Rock,$ 1.29,( C ) 2015 KIDinaKORNER/Interscope Records,3:15,"June 30 , 2015","('rtable_Song_Name', 'rtable_Artist_Name', 'rtable_Price', 'rtable_CopyRight', 'rtable_Time', 'rtable_Released')",0.7088086009025574,
234,VHS Outro ( Interlude ),X Ambassadors,VHS,"Alternative , Music , Rock , Adult Alternative",$ 1.29,2015 KIDinaKORNER/Interscope Records,1:25,30-Jun-15,Renegades,X Ambassadors,VHS [ Clean ],Alternative Rock,$ 1.29,( C ) 2015 KIDinaKORNER/Interscope Records,3:15,"June 30 , 2015","('rtable_Song_Name', 'rtable_Album_Name', 'rtable_Genre', 'rtable_Price', 'rtable_CopyRight', 'rtable_Time')",0.5294202566146851,
235,VHS Outro ( Interlude ),X Ambassadors,VHS,"Alternative , Music , Rock , Adult Alternative",$ 1.29,2015 KIDinaKORNER/Interscope Records,1:25,30-Jun-15,Renegades,X Ambassadors,VHS [ Clean ],Alternative Rock,$ 1.29,( C ) 2015 KIDinaKORNER/Interscope Records,0:19,"June 30 , 2015","('rtable_Song_Name', 'rtable_Album_Name', 'rtable_Genre', 'rtable_Price', 'rtable_CopyRight', 'rtable_Released')",0.4884942770004272,
236,VHS Outro ( Interlude ),X Ambassadors,VHS,"Alternative , Music , Rock , Adult Alternative",$ 1.29,2015 KIDinaKORNER/Interscope Records,1:25,30-Jun-15,Renegades,X Ambassadors,VHS [ Clean ],Alternative Rock,$ 1.29,( C ) 2015 KIDinaKORNER/Interscope Records,3:15,"June 30 , 2015","('rtable_Song_Name', 'rtable_Album_Name', 'rtable_Genre', 'rtable_Price', 'rtable_Time', 'rtable_Released')",0.5294202566146851,
237,VHS Outro ( Interlude ),X Ambassadors,VHS,"Alternative , Music , Rock , Adult Alternative",$ 1.29,2015 KIDinaKORNER/Interscope Records,1:25,30-Jun-15,Renegades,X Ambassadors,VHS [ Clean ],Alternative Rock,$ 1.29,( C ) 2015 KIDinaKORNER/Interscope Records,3:15,"June 30 , 2015","('rtable_Song_Name', 'rtable_Album_Name', 'rtable_Genre', 'rtable_CopyRight', 'rtable_Time', 'rtable_Released')",0.5294202566146851,
238,VHS Outro ( Interlude ),X Ambassadors,VHS,"Alternative , Music , Rock , Adult Alternative",$ 1.29,2015 KIDinaKORNER/Interscope Records,1:25,30-Jun-15,Renegades,X Ambassadors,VHS [ Clean ],Alternative Rock,$ 1.29,( C ) 2015 KIDinaKORNER/Interscope Records,3:15,"June 30 , 2015","('rtable_Song_Name', 'rtable_Album_Name', 'rtable_Price', 'rtable_CopyRight', 'rtable_Time', 'rtable_Released')",0.5294202566146851,
239,VHS Outro ( Interlude ),X Ambassadors,VHS,"Alternative , Music , Rock , Adult Alternative",$ 1.29,2015 KIDinaKORNER/Interscope Records,1:25,30-Jun-15,Renegades,X Ambassadors,VHS [ Explicit ],Alternative Rock,$ 1.29,( C ) 2015 KIDinaKORNER/Interscope Records,3:15,"June 30 , 2015","('rtable_Song_Name', 'rtable_Genre', 'rtable_Price', 'rtable_CopyRight', 'rtable_Time', 'rtable_Released')",0.7088086009025574,
240,VHS Outro ( Interlude ),X Ambassadors,VHS,"Alternative , Music , Rock , Adult Alternative",$ 1.29,2015 KIDinaKORNER/Interscope Records,1:25,30-Jun-15,Moving Day ( Interlude ),X Ambassadors,VHS [ Clean ],Alternative Rock,$ 1.29,( C ) 2015 KIDinaKORNER/Interscope Records,3:15,"June 30 , 2015","('rtable_Artist_Name', 'rtable_Album_Name', 'rtable_Genre', 'rtable_Price', 'rtable_CopyRight', 'rtable_Time')",0.0065117026679217,
241,VHS Outro ( Interlude ),X Ambassadors,VHS,"Alternative , Music , Rock , Adult Alternative",$ 1.29,2015 KIDinaKORNER/Interscope Records,1:25,30-Jun-15,Moving Day ( Interlude ),X Ambassadors,VHS [ Clean ],Alternative Rock,$ 1.29,( C ) 2015 KIDinaKORNER/Interscope Records,0:19,"June 30 , 2015","('rtable_Artist_Name', 'rtable_Album_Name', 'rtable_Genre', 'rtable_Price', 'rtable_CopyRight', 'rtable_Released')",0.0063538546673953,
242,VHS Outro ( Interlude ),X Ambassadors,VHS,"Alternative , Music , Rock , Adult Alternative",$ 1.29,2015 KIDinaKORNER/Interscope Records,1:25,30-Jun-15,Moving Day ( Interlude ),X Ambassadors,VHS [ Clean ],Alternative Rock,$ 1.29,( C ) 2015 KIDinaKORNER/Interscope Records,3:15,"June 30 , 2015","('rtable_Artist_Name', 'rtable_Album_Name', 'rtable_Genre', 'rtable_Price', 'rtable_Time', 'rtable_Released')",0.0065117026679217,
243,VHS Outro ( Interlude ),X Ambassadors,VHS,"Alternative , Music , Rock , Adult Alternative",$ 1.29,2015 KIDinaKORNER/Interscope Records,1:25,30-Jun-15,Moving Day ( Interlude ),X Ambassadors,VHS [ Clean ],Alternative Rock,$ 1.29,( C ) 2015 KIDinaKORNER/Interscope Records,3:15,"June 30 , 2015","('rtable_Artist_Name', 'rtable_Album_Name', 'rtable_Genre', 'rtable_CopyRight', 'rtable_Time', 'rtable_Released')",0.0065117026679217,
244,VHS Outro ( Interlude ),X Ambassadors,VHS,"Alternative , Music , Rock , Adult Alternative",$ 1.29,2015 KIDinaKORNER/Interscope Records,1:25,30-Jun-15,Moving Day ( Interlude ),X Ambassadors,VHS [ Clean ],Alternative Rock,$ 1.29,( C ) 2015 KIDinaKORNER/Interscope Records,3:15,"June 30 , 2015","('rtable_Artist_Name', 'rtable_Album_Name', 'rtable_Price', 'rtable_CopyRight', 'rtable_Time', 'rtable_Released')",0.0065117026679217,
245,VHS Outro ( Interlude ),X Ambassadors,VHS,"Alternative , Music , Rock , Adult Alternative",$ 1.29,2015 KIDinaKORNER/Interscope Records,1:25,30-Jun-15,Moving Day ( Interlude ),X Ambassadors,VHS [ Explicit ],Alternative Rock,$ 1.29,( C ) 2015 KIDinaKORNER/Interscope Records,3:15,"June 30 , 2015","('rtable_Artist_Name', 'rtable_Genre', 'rtable_Price', 'rtable_CopyRight', 'rtable_Time', 'rtable_Released')",0.0065424195490777,
246,VHS Outro ( Interlude ),X Ambassadors,VHS,"Alternative , Music , Rock , Adult Alternative",$ 1.29,2015 KIDinaKORNER/Interscope Records,1:25,30-Jun-15,Moving Day ( Interlude ),X Ambassadors,VHS [ Clean ],Alternative Rock,$ 1.29,( C ) 2015 KIDinaKORNER/Interscope Records,3:15,"June 30 , 2015","('rtable_Album_Name', 'rtable_Genre', 'rtable_Price', 'rtable_CopyRight', 'rtable_Time', 'rtable_Released')",0.0065117026679217,
247,VHS Outro ( Interlude ),X Ambassadors,VHS,"Alternative , Music , Rock , Adult Alternative",$ 1.29,2015 KIDinaKORNER/Interscope Records,1:25,30-Jun-15,Renegades,X Ambassadors,VHS [ Clean ],Alternative Rock,$ 1.29,( C ) 2015 KIDinaKORNER/Interscope Records,3:15,"June 30 , 2015","('rtable_Song_Name', 'rtable_Artist_Name', 'rtable_Album_Name', 'rtable_Genre', 'rtable_Price', 'rtable_CopyRight', 'rtable_Time')",0.5294202566146851,
248,VHS Outro ( Interlude ),X Ambassadors,VHS,"Alternative , Music , Rock , Adult Alternative",$ 1.29,2015 KIDinaKORNER/Interscope Records,1:25,30-Jun-15,Renegades,X Ambassadors,VHS [ Clean ],Alternative Rock,$ 1.29,( C ) 2015 KIDinaKORNER/Interscope Records,0:19,"June 30 , 2015","('rtable_Song_Name', 'rtable_Artist_Name', 'rtable_Album_Name', 'rtable_Genre', 'rtable_Price', 'rtable_CopyRight', 'rtable_Released')",0.4884942770004272,
249,VHS Outro ( Interlude ),X Ambassadors,VHS,"Alternative , Music , Rock , Adult Alternative",$ 1.29,2015 KIDinaKORNER/Interscope Records,1:25,30-Jun-15,Renegades,X Ambassadors,VHS [ Clean ],Alternative Rock,$ 1.29,( C ) 2015 KIDinaKORNER/Interscope Records,3:15,"June 30 , 2015","('rtable_Song_Name', 'rtable_Artist_Name', 'rtable_Album_Name', 'rtable_Genre', 'rtable_Price', 'rtable_Time', 'rtable_Released')",0.5294202566146851,
250,VHS Outro ( Interlude ),X Ambassadors,VHS,"Alternative , Music , Rock , Adult Alternative",$ 1.29,2015 KIDinaKORNER/Interscope Records,1:25,30-Jun-15,Renegades,X Ambassadors,VHS [ Clean ],Alternative Rock,$ 1.29,( C ) 2015 KIDinaKORNER/Interscope Records,3:15,"June 30 , 2015","('rtable_Song_Name', 'rtable_Artist_Name', 'rtable_Album_Name', 'rtable_Genre', 'rtable_CopyRight', 'rtable_Time', 'rtable_Released')",0.5294202566146851,
251,VHS Outro ( Interlude ),X Ambassadors,VHS,"Alternative , Music , Rock , Adult Alternative",$ 1.29,2015 KIDinaKORNER/Interscope Records,1:25,30-Jun-15,Renegades,X Ambassadors,VHS [ Clean ],Alternative Rock,$ 1.29,( C ) 2015 KIDinaKORNER/Interscope Records,3:15,"June 30 , 2015","('rtable_Song_Name', 'rtable_Artist_Name', 'rtable_Album_Name', 'rtable_Price', 'rtable_CopyRight', 'rtable_Time', 'rtable_Released')",0.5294202566146851,
252,VHS Outro ( Interlude ),X Ambassadors,VHS,"Alternative , Music , Rock , Adult Alternative",$ 1.29,2015 KIDinaKORNER/Interscope Records,1:25,30-Jun-15,Renegades,X Ambassadors,VHS [ Explicit ],Alternative Rock,$ 1.29,( C ) 2015 KIDinaKORNER/Interscope Records,3:15,"June 30 , 2015","('rtable_Song_Name', 'rtable_Artist_Name', 'rtable_Genre', 'rtable_Price', 'rtable_CopyRight', 'rtable_Time', 'rtable_Released')",0.7088086009025574,
253,VHS Outro ( Interlude ),X Ambassadors,VHS,"Alternative , Music , Rock , Adult Alternative",$ 1.29,2015 KIDinaKORNER/Interscope Records,1:25,30-Jun-15,Renegades,X Ambassadors,VHS [ Clean ],Alternative Rock,$ 1.29,( C ) 2015 KIDinaKORNER/Interscope Records,3:15,"June 30 , 2015","('rtable_Song_Name', 'rtable_Album_Name', 'rtable_Genre', 'rtable_Price', 'rtable_CopyRight', 'rtable_Time', 'rtable_Released')",0.5294202566146851,
254,VHS Outro ( Interlude ),X Ambassadors,VHS,"Alternative , Music , Rock , Adult Alternative",$ 1.29,2015 KIDinaKORNER/Interscope Records,1:25,30-Jun-15,Moving Day ( Interlude ),X Ambassadors,VHS [ Clean ],Alternative Rock,$ 1.29,( C ) 2015 KIDinaKORNER/Interscope Records,3:15,"June 30 , 2015","('rtable_Artist_Name', 'rtable_Album_Name', 'rtable_Genre', 'rtable_Price', 'rtable_CopyRight', 'rtable_Time', 'rtable_Released')",0.0065117026679217,
