,ltable_Song_Name,ltable_Artist_Name,ltable_Album_Name,ltable_Genre,ltable_Price,ltable_CopyRight,ltable_Time,ltable_Released,rtable_Song_Name,rtable_Artist_Name,rtable_Album_Name,rtable_Genre,rtable_Price,rtable_CopyRight,rtable_Time,rtable_Released,alteredAttributes,match_score
0,Raid,Dyro & Rene Kuppens,Dance ( RED ) Save Lives [ Presented By TiÌÇsto ],"Dance , Music , Electronic",Album Only,‰ ãÑ 2012 Musical Freedom Label Ltd.,6:24,27-Nov-12,Extra Extra Credit [ Explicit ],Wiz Khalifa,Flight School [ Explicit ],Rap & Hip-Hop,$ 0.99,2013 Mad Decent,4:03,"April 17 , 2009","{'ltable_Price', 'ltable_CopyRight', 'ltable_Song_Name', 'ltable_Artist_Name', 'ltable_Time', 'ltable_Released', 'ltable_Genre', 'ltable_Album_Name'}",0.46990838646888733
255,Extra Extra Credit,Wiz Khalifa,Flight School,"Hip-Hop/Rap , Music",$ 0.99,2009 Rostrum Records,4:03,17-Apr-09,Extra Extra Credit [ Explicit ],Wiz Khalifa,Flight School [ Explicit ],Rap & Hip-Hop,$ 0.99,2013 Mad Decent,4:03,"April 17 , 2009",,0.9991437196731567
1,Raid,Wiz Khalifa,Flight School,"Hip-Hop/Rap , Music",$ 0.99,2009 Rostrum Records,4:03,17-Apr-09,Extra Extra Credit [ Explicit ],Wiz Khalifa,Flight School [ Explicit ],Rap & Hip-Hop,$ 0.99,2013 Mad Decent,4:03,"April 17 , 2009","('ltable_Song_Name',)",0.06059917
2,Extra Extra Credit,Dyro & Rene Kuppens,Flight School,"Hip-Hop/Rap , Music",$ 0.99,2009 Rostrum Records,4:03,17-Apr-09,Extra Extra Credit [ Explicit ],Wiz Khalifa,Flight School [ Explicit ],Rap & Hip-Hop,$ 0.99,2013 Mad Decent,4:03,"April 17 , 2009","('ltable_Artist_Name',)",0.99555176
3,Extra Extra Credit,Wiz Khalifa,Dance ( RED ) Save Lives [ Presented By TiÌÇsto ],"Hip-Hop/Rap , Music",$ 0.99,2009 Rostrum Records,4:03,17-Apr-09,Extra Extra Credit [ Explicit ],Wiz Khalifa,Flight School [ Explicit ],Rap & Hip-Hop,$ 0.99,2013 Mad Decent,4:03,"April 17 , 2009","('ltable_Album_Name',)",0.99503714
4,Extra Extra Credit,Wiz Khalifa,Flight School,"Dance , Music , Electronic",$ 0.99,2009 Rostrum Records,4:03,17-Apr-09,Extra Extra Credit [ Explicit ],Wiz Khalifa,Flight School [ Explicit ],Rap & Hip-Hop,$ 0.99,2013 Mad Decent,4:03,"April 17 , 2009","('ltable_Genre',)",0.9951515
5,Extra Extra Credit,Wiz Khalifa,Flight School,"Hip-Hop/Rap , Music",Album Only,2009 Rostrum Records,4:03,17-Apr-09,Extra Extra Credit [ Explicit ],Wiz Khalifa,Flight School [ Explicit ],Rap & Hip-Hop,$ 0.99,2013 Mad Decent,4:03,"April 17 , 2009","('ltable_Price',)",0.9951551
6,Extra Extra Credit,Wiz Khalifa,Flight School,"Hip-Hop/Rap , Music",$ 0.99,‰ ãÑ 2012 Musical Freedom Label Ltd.,4:03,17-Apr-09,Extra Extra Credit [ Explicit ],Wiz Khalifa,Flight School [ Explicit ],Rap & Hip-Hop,$ 0.99,2013 Mad Decent,4:03,"April 17 , 2009","('ltable_CopyRight',)",0.9951497
7,Extra Extra Credit,Wiz Khalifa,Flight School,"Hip-Hop/Rap , Music",$ 0.99,2009 Rostrum Records,6:24,17-Apr-09,Extra Extra Credit [ Explicit ],Wiz Khalifa,Flight School [ Explicit ],Rap & Hip-Hop,$ 0.99,2013 Mad Decent,4:03,"April 17 , 2009","('ltable_Time',)",0.9951566
8,Extra Extra Credit,Wiz Khalifa,Flight School,"Hip-Hop/Rap , Music",$ 0.99,2009 Rostrum Records,4:03,27-Nov-12,Extra Extra Credit [ Explicit ],Wiz Khalifa,Flight School [ Explicit ],Rap & Hip-Hop,$ 0.99,2013 Mad Decent,4:03,"April 17 , 2009","('ltable_Released',)",0.9951567
9,Raid,Dyro & Rene Kuppens,Flight School,"Hip-Hop/Rap , Music",$ 0.99,2009 Rostrum Records,4:03,17-Apr-09,Extra Extra Credit [ Explicit ],Wiz Khalifa,Flight School [ Explicit ],Rap & Hip-Hop,$ 0.99,2013 Mad Decent,4:03,"April 17 , 2009","('ltable_Song_Name', 'ltable_Artist_Name')",0.061431073
10,Raid,Wiz Khalifa,Dance ( RED ) Save Lives [ Presented By TiÌÇsto ],"Hip-Hop/Rap , Music",$ 0.99,2009 Rostrum Records,4:03,17-Apr-09,Extra Extra Credit [ Explicit ],Wiz Khalifa,Flight School [ Explicit ],Rap & Hip-Hop,$ 0.99,2013 Mad Decent,4:03,"April 17 , 2009","('ltable_Song_Name', 'ltable_Album_Name')",0.0724213
11,Raid,Wiz Khalifa,Flight School,"Dance , Music , Electronic",$ 0.99,2009 Rostrum Records,4:03,17-Apr-09,Extra Extra Credit [ Explicit ],Wiz Khalifa,Flight School [ Explicit ],Rap & Hip-Hop,$ 0.99,2013 Mad Decent,4:03,"April 17 , 2009","('ltable_Song_Name', 'ltable_Genre')",0.05935002
12,Raid,Wiz Khalifa,Flight School,"Hip-Hop/Rap , Music",Album Only,2009 Rostrum Records,4:03,17-Apr-09,Extra Extra Credit [ Explicit ],Wiz Khalifa,Flight School [ Explicit ],Rap & Hip-Hop,$ 0.99,2013 Mad Decent,4:03,"April 17 , 2009","('ltable_Song_Name', 'ltable_Price')",0.060231116
13,Raid,Wiz Khalifa,Flight School,"Hip-Hop/Rap , Music",$ 0.99,‰ ãÑ 2012 Musical Freedom Label Ltd.,4:03,17-Apr-09,Extra Extra Credit [ Explicit ],Wiz Khalifa,Flight School [ Explicit ],Rap & Hip-Hop,$ 0.99,2013 Mad Decent,4:03,"April 17 , 2009","('ltable_Song_Name', 'ltable_CopyRight')",0.060165986
14,Raid,Wiz Khalifa,Flight School,"Hip-Hop/Rap , Music",$ 0.99,2009 Rostrum Records,6:24,17-Apr-09,Extra Extra Credit [ Explicit ],Wiz Khalifa,Flight School [ Explicit ],Rap & Hip-Hop,$ 0.99,2013 Mad Decent,4:03,"April 17 , 2009","('ltable_Song_Name', 'ltable_Time')",0.06012915
15,Raid,Wiz Khalifa,Flight School,"Hip-Hop/Rap , Music",$ 0.99,2009 Rostrum Records,4:03,27-Nov-12,Extra Extra Credit [ Explicit ],Wiz Khalifa,Flight School [ Explicit ],Rap & Hip-Hop,$ 0.99,2013 Mad Decent,4:03,"April 17 , 2009","('ltable_Song_Name', 'ltable_Released')",0.06012924
16,Extra Extra Credit,Dyro & Rene Kuppens,Dance ( RED ) Save Lives [ Presented By TiÌÇsto ],"Hip-Hop/Rap , Music",$ 0.99,2009 Rostrum Records,4:03,17-Apr-09,Extra Extra Credit [ Explicit ],Wiz Khalifa,Flight School [ Explicit ],Rap & Hip-Hop,$ 0.99,2013 Mad Decent,4:03,"April 17 , 2009","('ltable_Artist_Name', 'ltable_Album_Name')",0.995533
17,Extra Extra Credit,Dyro & Rene Kuppens,Flight School,"Dance , Music , Electronic",$ 0.99,2009 Rostrum Records,4:03,17-Apr-09,Extra Extra Credit [ Explicit ],Wiz Khalifa,Flight School [ Explicit ],Rap & Hip-Hop,$ 0.99,2013 Mad Decent,4:03,"April 17 , 2009","('ltable_Artist_Name', 'ltable_Genre')",0.9955466
18,Extra Extra Credit,Dyro & Rene Kuppens,Flight School,"Hip-Hop/Rap , Music",Album Only,2009 Rostrum Records,4:03,17-Apr-09,Extra Extra Credit [ Explicit ],Wiz Khalifa,Flight School [ Explicit ],Rap & Hip-Hop,$ 0.99,2013 Mad Decent,4:03,"April 17 , 2009","('ltable_Artist_Name', 'ltable_Price')",0.9955449
19,Extra Extra Credit,Dyro & Rene Kuppens,Flight School,"Hip-Hop/Rap , Music",$ 0.99,‰ ãÑ 2012 Musical Freedom Label Ltd.,4:03,17-Apr-09,Extra Extra Credit [ Explicit ],Wiz Khalifa,Flight School [ Explicit ],Rap & Hip-Hop,$ 0.99,2013 Mad Decent,4:03,"April 17 , 2009","('ltable_Artist_Name', 'ltable_CopyRight')",0.9955445
20,Extra Extra Credit,Dyro & Rene Kuppens,Flight School,"Hip-Hop/Rap , Music",$ 0.99,2009 Rostrum Records,6:24,17-Apr-09,Extra Extra Credit [ Explicit ],Wiz Khalifa,Flight School [ Explicit ],Rap & Hip-Hop,$ 0.99,2013 Mad Decent,4:03,"April 17 , 2009","('ltable_Artist_Name', 'ltable_Time')",0.9955448
21,Extra Extra Credit,Dyro & Rene Kuppens,Flight School,"Hip-Hop/Rap , Music",$ 0.99,2009 Rostrum Records,4:03,27-Nov-12,Extra Extra Credit [ Explicit ],Wiz Khalifa,Flight School [ Explicit ],Rap & Hip-Hop,$ 0.99,2013 Mad Decent,4:03,"April 17 , 2009","('ltable_Artist_Name', 'ltable_Released')",0.9955448
22,Extra Extra Credit,Wiz Khalifa,Dance ( RED ) Save Lives [ Presented By TiÌÇsto ],"Dance , Music , Electronic",$ 0.99,2009 Rostrum Records,4:03,17-Apr-09,Extra Extra Credit [ Explicit ],Wiz Khalifa,Flight School [ Explicit ],Rap & Hip-Hop,$ 0.99,2013 Mad Decent,4:03,"April 17 , 2009","('ltable_Album_Name', 'ltable_Genre')",0.9950589
23,Extra Extra Credit,Wiz Khalifa,Dance ( RED ) Save Lives [ Presented By TiÌÇsto ],"Hip-Hop/Rap , Music",Album Only,2009 Rostrum Records,4:03,17-Apr-09,Extra Extra Credit [ Explicit ],Wiz Khalifa,Flight School [ Explicit ],Rap & Hip-Hop,$ 0.99,2013 Mad Decent,4:03,"April 17 , 2009","('ltable_Album_Name', 'ltable_Price')",0.99505913
24,Extra Extra Credit,Wiz Khalifa,Dance ( RED ) Save Lives [ Presented By TiÌÇsto ],"Hip-Hop/Rap , Music",$ 0.99,‰ ãÑ 2012 Musical Freedom Label Ltd.,4:03,17-Apr-09,Extra Extra Credit [ Explicit ],Wiz Khalifa,Flight School [ Explicit ],Rap & Hip-Hop,$ 0.99,2013 Mad Decent,4:03,"April 17 , 2009","('ltable_Album_Name', 'ltable_CopyRight')",0.9950553
25,Extra Extra Credit,Wiz Khalifa,Dance ( RED ) Save Lives [ Presented By TiÌÇsto ],"Hip-Hop/Rap , Music",$ 0.99,2009 Rostrum Records,6:24,17-Apr-09,Extra Extra Credit [ Explicit ],Wiz Khalifa,Flight School [ Explicit ],Rap & Hip-Hop,$ 0.99,2013 Mad Decent,4:03,"April 17 , 2009","('ltable_Album_Name', 'ltable_Time')",0.99506086
26,Extra Extra Credit,Wiz Khalifa,Dance ( RED ) Save Lives [ Presented By TiÌÇsto ],"Hip-Hop/Rap , Music",$ 0.99,2009 Rostrum Records,4:03,27-Nov-12,Extra Extra Credit [ Explicit ],Wiz Khalifa,Flight School [ Explicit ],Rap & Hip-Hop,$ 0.99,2013 Mad Decent,4:03,"April 17 , 2009","('ltable_Album_Name', 'ltable_Released')",0.995061
27,Extra Extra Credit,Wiz Khalifa,Flight School,"Dance , Music , Electronic",Album Only,2009 Rostrum Records,4:03,17-Apr-09,Extra Extra Credit [ Explicit ],Wiz Khalifa,Flight School [ Explicit ],Rap & Hip-Hop,$ 0.99,2013 Mad Decent,4:03,"April 17 , 2009","('ltable_Genre', 'ltable_Price')",0.9951434
28,Extra Extra Credit,Wiz Khalifa,Flight School,"Dance , Music , Electronic",$ 0.99,‰ ãÑ 2012 Musical Freedom Label Ltd.,4:03,17-Apr-09,Extra Extra Credit [ Explicit ],Wiz Khalifa,Flight School [ Explicit ],Rap & Hip-Hop,$ 0.99,2013 Mad Decent,4:03,"April 17 , 2009","('ltable_Genre', 'ltable_CopyRight')",0.99514365
29,Extra Extra Credit,Wiz Khalifa,Flight School,"Dance , Music , Electronic",$ 0.99,2009 Rostrum Records,6:24,17-Apr-09,Extra Extra Credit [ Explicit ],Wiz Khalifa,Flight School [ Explicit ],Rap & Hip-Hop,$ 0.99,2013 Mad Decent,4:03,"April 17 , 2009","('ltable_Genre', 'ltable_Time')",0.99514365
30,Extra Extra Credit,Wiz Khalifa,Flight School,"Dance , Music , Electronic",$ 0.99,2009 Rostrum Records,4:03,27-Nov-12,Extra Extra Credit [ Explicit ],Wiz Khalifa,Flight School [ Explicit ],Rap & Hip-Hop,$ 0.99,2013 Mad Decent,4:03,"April 17 , 2009","('ltable_Genre', 'ltable_Released')",0.99514365
31,Extra Extra Credit,Wiz Khalifa,Flight School,"Hip-Hop/Rap , Music",Album Only,‰ ãÑ 2012 Musical Freedom Label Ltd.,4:03,17-Apr-09,Extra Extra Credit [ Explicit ],Wiz Khalifa,Flight School [ Explicit ],Rap & Hip-Hop,$ 0.99,2013 Mad Decent,4:03,"April 17 , 2009","('ltable_Price', 'ltable_CopyRight')",0.99514705
32,Extra Extra Credit,Wiz Khalifa,Flight School,"Hip-Hop/Rap , Music",Album Only,2009 Rostrum Records,6:24,17-Apr-09,Extra Extra Credit [ Explicit ],Wiz Khalifa,Flight School [ Explicit ],Rap & Hip-Hop,$ 0.99,2013 Mad Decent,4:03,"April 17 , 2009","('ltable_Price', 'ltable_Time')",0.99514717
33,Extra Extra Credit,Wiz Khalifa,Flight School,"Hip-Hop/Rap , Music",Album Only,2009 Rostrum Records,4:03,27-Nov-12,Extra Extra Credit [ Explicit ],Wiz Khalifa,Flight School [ Explicit ],Rap & Hip-Hop,$ 0.99,2013 Mad Decent,4:03,"April 17 , 2009","('ltable_Price', 'ltable_Released')",0.99514717
34,Extra Extra Credit,Wiz Khalifa,Flight School,"Hip-Hop/Rap , Music",$ 0.99,‰ ãÑ 2012 Musical Freedom Label Ltd.,6:24,17-Apr-09,Extra Extra Credit [ Explicit ],Wiz Khalifa,Flight School [ Explicit ],Rap & Hip-Hop,$ 0.99,2013 Mad Decent,4:03,"April 17 , 2009","('ltable_CopyRight', 'ltable_Time')",0.99514776
35,Extra Extra Credit,Wiz Khalifa,Flight School,"Hip-Hop/Rap , Music",$ 0.99,‰ ãÑ 2012 Musical Freedom Label Ltd.,4:03,27-Nov-12,Extra Extra Credit [ Explicit ],Wiz Khalifa,Flight School [ Explicit ],Rap & Hip-Hop,$ 0.99,2013 Mad Decent,4:03,"April 17 , 2009","('ltable_CopyRight', 'ltable_Released')",0.99514776
36,Extra Extra Credit,Wiz Khalifa,Flight School,"Hip-Hop/Rap , Music",$ 0.99,2009 Rostrum Records,6:24,27-Nov-12,Extra Extra Credit [ Explicit ],Wiz Khalifa,Flight School [ Explicit ],Rap & Hip-Hop,$ 0.99,2013 Mad Decent,4:03,"April 17 , 2009","('ltable_Time', 'ltable_Released')",0.9951474
37,Raid,Dyro & Rene Kuppens,Dance ( RED ) Save Lives [ Presented By TiÌÇsto ],"Hip-Hop/Rap , Music",$ 0.99,2009 Rostrum Records,4:03,17-Apr-09,Extra Extra Credit [ Explicit ],Wiz Khalifa,Flight School [ Explicit ],Rap & Hip-Hop,$ 0.99,2013 Mad Decent,4:03,"April 17 , 2009","('ltable_Song_Name', 'ltable_Artist_Name', 'ltable_Album_Name')",0.06288115
38,Raid,Dyro & Rene Kuppens,Flight School,"Dance , Music , Electronic",$ 0.99,2009 Rostrum Records,4:03,17-Apr-09,Extra Extra Credit [ Explicit ],Wiz Khalifa,Flight School [ Explicit ],Rap & Hip-Hop,$ 0.99,2013 Mad Decent,4:03,"April 17 , 2009","('ltable_Song_Name', 'ltable_Artist_Name', 'ltable_Genre')",0.059085697
39,Raid,Dyro & Rene Kuppens,Flight School,"Hip-Hop/Rap , Music",Album Only,2009 Rostrum Records,4:03,17-Apr-09,Extra Extra Credit [ Explicit ],Wiz Khalifa,Flight School [ Explicit ],Rap & Hip-Hop,$ 0.99,2013 Mad Decent,4:03,"April 17 , 2009","('ltable_Song_Name', 'ltable_Artist_Name', 'ltable_Price')",0.059641086
40,Raid,Dyro & Rene Kuppens,Flight School,"Hip-Hop/Rap , Music",$ 0.99,‰ ãÑ 2012 Musical Freedom Label Ltd.,4:03,17-Apr-09,Extra Extra Credit [ Explicit ],Wiz Khalifa,Flight School [ Explicit ],Rap & Hip-Hop,$ 0.99,2013 Mad Decent,4:03,"April 17 , 2009","('ltable_Song_Name', 'ltable_Artist_Name', 'ltable_CopyRight')",0.059610967
41,Raid,Dyro & Rene Kuppens,Flight School,"Hip-Hop/Rap , Music",$ 0.99,2009 Rostrum Records,6:24,17-Apr-09,Extra Extra Credit [ Explicit ],Wiz Khalifa,Flight School [ Explicit ],Rap & Hip-Hop,$ 0.99,2013 Mad Decent,4:03,"April 17 , 2009","('ltable_Song_Name', 'ltable_Artist_Name', 'ltable_Time')",0.05959385
42,Raid,Dyro & Rene Kuppens,Flight School,"Hip-Hop/Rap , Music",$ 0.99,2009 Rostrum Records,4:03,27-Nov-12,Extra Extra Credit [ Explicit ],Wiz Khalifa,Flight School [ Explicit ],Rap & Hip-Hop,$ 0.99,2013 Mad Decent,4:03,"April 17 , 2009","('ltable_Song_Name', 'ltable_Artist_Name', 'ltable_Released')",0.059593983
43,Raid,Wiz Khalifa,Dance ( RED ) Save Lives [ Presented By TiÌÇsto ],"Dance , Music , Electronic",$ 0.99,2009 Rostrum Records,4:03,17-Apr-09,Extra Extra Credit [ Explicit ],Wiz Khalifa,Flight School [ Explicit ],Rap & Hip-Hop,$ 0.99,2013 Mad Decent,4:03,"April 17 , 2009","('ltable_Song_Name', 'ltable_Album_Name', 'ltable_Genre')",0.070124835
44,Raid,Wiz Khalifa,Dance ( RED ) Save Lives [ Presented By TiÌÇsto ],"Hip-Hop/Rap , Music",Album Only,2009 Rostrum Records,4:03,17-Apr-09,Extra Extra Credit [ Explicit ],Wiz Khalifa,Flight School [ Explicit ],Rap & Hip-Hop,$ 0.99,2013 Mad Decent,4:03,"April 17 , 2009","('ltable_Song_Name', 'ltable_Album_Name', 'ltable_Price')",0.07010396
45,Raid,Wiz Khalifa,Dance ( RED ) Save Lives [ Presented By TiÌÇsto ],"Hip-Hop/Rap , Music",$ 0.99,‰ ãÑ 2012 Musical Freedom Label Ltd.,4:03,17-Apr-09,Extra Extra Credit [ Explicit ],Wiz Khalifa,Flight School [ Explicit ],Rap & Hip-Hop,$ 0.99,2013 Mad Decent,4:03,"April 17 , 2009","('ltable_Song_Name', 'ltable_Album_Name', 'ltable_CopyRight')",0.07012204
46,Raid,Wiz Khalifa,Dance ( RED ) Save Lives [ Presented By TiÌÇsto ],"Hip-Hop/Rap , Music",$ 0.99,2009 Rostrum Records,6:24,17-Apr-09,Extra Extra Credit [ Explicit ],Wiz Khalifa,Flight School [ Explicit ],Rap & Hip-Hop,$ 0.99,2013 Mad Decent,4:03,"April 17 , 2009","('ltable_Song_Name', 'ltable_Album_Name', 'ltable_Time')",0.07011513
47,Raid,Wiz Khalifa,Dance ( RED ) Save Lives [ Presented By TiÌÇsto ],"Hip-Hop/Rap , Music",$ 0.99,2009 Rostrum Records,4:03,27-Nov-12,Extra Extra Credit [ Explicit ],Wiz Khalifa,Flight School [ Explicit ],Rap & Hip-Hop,$ 0.99,2013 Mad Decent,4:03,"April 17 , 2009","('ltable_Song_Name', 'ltable_Album_Name', 'ltable_Released')",0.070114434
48,Raid,Wiz Khalifa,Flight School,"Dance , Music , Electronic",Album Only,2009 Rostrum Records,4:03,17-Apr-09,Extra Extra Credit [ Explicit ],Wiz Khalifa,Flight School [ Explicit ],Rap & Hip-Hop,$ 0.99,2013 Mad Decent,4:03,"April 17 , 2009","('ltable_Song_Name', 'ltable_Genre', 'ltable_Price')",0.057529777
49,Raid,Wiz Khalifa,Flight School,"Dance , Music , Electronic",$ 0.99,‰ ãÑ 2012 Musical Freedom Label Ltd.,4:03,17-Apr-09,Extra Extra Credit [ Explicit ],Wiz Khalifa,Flight School [ Explicit ],Rap & Hip-Hop,$ 0.99,2013 Mad Decent,4:03,"April 17 , 2009","('ltable_Song_Name', 'ltable_Genre', 'ltable_CopyRight')",0.0574842
50,Raid,Wiz Khalifa,Flight School,"Dance , Music , Electronic",$ 0.99,2009 Rostrum Records,6:24,17-Apr-09,Extra Extra Credit [ Explicit ],Wiz Khalifa,Flight School [ Explicit ],Rap & Hip-Hop,$ 0.99,2013 Mad Decent,4:03,"April 17 , 2009","('ltable_Song_Name', 'ltable_Genre', 'ltable_Time')",0.057449482
51,Raid,Wiz Khalifa,Flight School,"Dance , Music , Electronic",$ 0.99,2009 Rostrum Records,4:03,27-Nov-12,Extra Extra Credit [ Explicit ],Wiz Khalifa,Flight School [ Explicit ],Rap & Hip-Hop,$ 0.99,2013 Mad Decent,4:03,"April 17 , 2009","('ltable_Song_Name', 'ltable_Genre', 'ltable_Released')",0.057449836
52,Raid,Wiz Khalifa,Flight School,"Hip-Hop/Rap , Music",Album Only,‰ ãÑ 2012 Musical Freedom Label Ltd.,4:03,17-Apr-09,Extra Extra Credit [ Explicit ],Wiz Khalifa,Flight School [ Explicit ],Rap & Hip-Hop,$ 0.99,2013 Mad Decent,4:03,"April 17 , 2009","('ltable_Song_Name', 'ltable_Price', 'ltable_CopyRight')",0.05837089
53,Raid,Wiz Khalifa,Flight School,"Hip-Hop/Rap , Music",Album Only,2009 Rostrum Records,6:24,17-Apr-09,Extra Extra Credit [ Explicit ],Wiz Khalifa,Flight School [ Explicit ],Rap & Hip-Hop,$ 0.99,2013 Mad Decent,4:03,"April 17 , 2009","('ltable_Song_Name', 'ltable_Price', 'ltable_Time')",0.058312606
54,Raid,Wiz Khalifa,Flight School,"Hip-Hop/Rap , Music",Album Only,2009 Rostrum Records,4:03,27-Nov-12,Extra Extra Credit [ Explicit ],Wiz Khalifa,Flight School [ Explicit ],Rap & Hip-Hop,$ 0.99,2013 Mad Decent,4:03,"April 17 , 2009","('ltable_Song_Name', 'ltable_Price', 'ltable_Released')",0.05831306
55,Raid,Wiz Khalifa,Flight School,"Hip-Hop/Rap , Music",$ 0.99,‰ ãÑ 2012 Musical Freedom Label Ltd.,6:24,17-Apr-09,Extra Extra Credit [ Explicit ],Wiz Khalifa,Flight School [ Explicit ],Rap & Hip-Hop,$ 0.99,2013 Mad Decent,4:03,"April 17 , 2009","('ltable_Song_Name', 'ltable_CopyRight', 'ltable_Time')",0.058250148
56,Raid,Wiz Khalifa,Flight School,"Hip-Hop/Rap , Music",$ 0.99,‰ ãÑ 2012 Musical Freedom Label Ltd.,4:03,27-Nov-12,Extra Extra Credit [ Explicit ],Wiz Khalifa,Flight School [ Explicit ],Rap & Hip-Hop,$ 0.99,2013 Mad Decent,4:03,"April 17 , 2009","('ltable_Song_Name', 'ltable_CopyRight', 'ltable_Released')",0.05825003
57,Raid,Wiz Khalifa,Flight School,"Hip-Hop/Rap , Music",$ 0.99,2009 Rostrum Records,6:24,27-Nov-12,Extra Extra Credit [ Explicit ],Wiz Khalifa,Flight School [ Explicit ],Rap & Hip-Hop,$ 0.99,2013 Mad Decent,4:03,"April 17 , 2009","('ltable_Song_Name', 'ltable_Time', 'ltable_Released')",0.05821512
58,Extra Extra Credit,Dyro & Rene Kuppens,Dance ( RED ) Save Lives [ Presented By TiÌÇsto ],"Dance , Music , Electronic",$ 0.99,2009 Rostrum Records,4:03,17-Apr-09,Extra Extra Credit [ Explicit ],Wiz Khalifa,Flight School [ Explicit ],Rap & Hip-Hop,$ 0.99,2013 Mad Decent,4:03,"April 17 , 2009","('ltable_Artist_Name', 'ltable_Album_Name', 'ltable_Genre')",0.9954129
59,Extra Extra Credit,Dyro & Rene Kuppens,Dance ( RED ) Save Lives [ Presented By TiÌÇsto ],"Hip-Hop/Rap , Music",Album Only,2009 Rostrum Records,4:03,17-Apr-09,Extra Extra Credit [ Explicit ],Wiz Khalifa,Flight School [ Explicit ],Rap & Hip-Hop,$ 0.99,2013 Mad Decent,4:03,"April 17 , 2009","('ltable_Artist_Name', 'ltable_Album_Name', 'ltable_Price')",0.995413
60,Extra Extra Credit,Dyro & Rene Kuppens,Dance ( RED ) Save Lives [ Presented By TiÌÇsto ],"Hip-Hop/Rap , Music",$ 0.99,‰ ãÑ 2012 Musical Freedom Label Ltd.,4:03,17-Apr-09,Extra Extra Credit [ Explicit ],Wiz Khalifa,Flight School [ Explicit ],Rap & Hip-Hop,$ 0.99,2013 Mad Decent,4:03,"April 17 , 2009","('ltable_Artist_Name', 'ltable_Album_Name', 'ltable_CopyRight')",0.9954325
61,Extra Extra Credit,Dyro & Rene Kuppens,Dance ( RED ) Save Lives [ Presented By TiÌÇsto ],"Hip-Hop/Rap , Music",$ 0.99,2009 Rostrum Records,6:24,17-Apr-09,Extra Extra Credit [ Explicit ],Wiz Khalifa,Flight School [ Explicit ],Rap & Hip-Hop,$ 0.99,2013 Mad Decent,4:03,"April 17 , 2009","('ltable_Artist_Name', 'ltable_Album_Name', 'ltable_Time')",0.99541736
62,Extra Extra Credit,Dyro & Rene Kuppens,Dance ( RED ) Save Lives [ Presented By TiÌÇsto ],"Hip-Hop/Rap , Music",$ 0.99,2009 Rostrum Records,4:03,27-Nov-12,Extra Extra Credit [ Explicit ],Wiz Khalifa,Flight School [ Explicit ],Rap & Hip-Hop,$ 0.99,2013 Mad Decent,4:03,"April 17 , 2009","('ltable_Artist_Name', 'ltable_Album_Name', 'ltable_Released')",0.9954169
63,Extra Extra Credit,Dyro & Rene Kuppens,Flight School,"Dance , Music , Electronic",Album Only,2009 Rostrum Records,4:03,17-Apr-09,Extra Extra Credit [ Explicit ],Wiz Khalifa,Flight School [ Explicit ],Rap & Hip-Hop,$ 0.99,2013 Mad Decent,4:03,"April 17 , 2009","('ltable_Artist_Name', 'ltable_Genre', 'ltable_Price')",0.9954288
64,Extra Extra Credit,Dyro & Rene Kuppens,Flight School,"Dance , Music , Electronic",$ 0.99,‰ ãÑ 2012 Musical Freedom Label Ltd.,4:03,17-Apr-09,Extra Extra Credit [ Explicit ],Wiz Khalifa,Flight School [ Explicit ],Rap & Hip-Hop,$ 0.99,2013 Mad Decent,4:03,"April 17 , 2009","('ltable_Artist_Name', 'ltable_Genre', 'ltable_CopyRight')",0.99542797
65,Extra Extra Credit,Dyro & Rene Kuppens,Flight School,"Dance , Music , Electronic",$ 0.99,2009 Rostrum Records,6:24,17-Apr-09,Extra Extra Credit [ Explicit ],Wiz Khalifa,Flight School [ Explicit ],Rap & Hip-Hop,$ 0.99,2013 Mad Decent,4:03,"April 17 , 2009","('ltable_Artist_Name', 'ltable_Genre', 'ltable_Time')",0.9954288
66,Extra Extra Credit,Dyro & Rene Kuppens,Flight School,"Dance , Music , Electronic",$ 0.99,2009 Rostrum Records,4:03,27-Nov-12,Extra Extra Credit [ Explicit ],Wiz Khalifa,Flight School [ Explicit ],Rap & Hip-Hop,$ 0.99,2013 Mad Decent,4:03,"April 17 , 2009","('ltable_Artist_Name', 'ltable_Genre', 'ltable_Released')",0.9954289
67,Extra Extra Credit,Dyro & Rene Kuppens,Flight School,"Hip-Hop/Rap , Music",Album Only,‰ ãÑ 2012 Musical Freedom Label Ltd.,4:03,17-Apr-09,Extra Extra Credit [ Explicit ],Wiz Khalifa,Flight School [ Explicit ],Rap & Hip-Hop,$ 0.99,2013 Mad Decent,4:03,"April 17 , 2009","('ltable_Artist_Name', 'ltable_Price', 'ltable_CopyRight')",0.99542624
68,Extra Extra Credit,Dyro & Rene Kuppens,Flight School,"Hip-Hop/Rap , Music",Album Only,2009 Rostrum Records,6:24,17-Apr-09,Extra Extra Credit [ Explicit ],Wiz Khalifa,Flight School [ Explicit ],Rap & Hip-Hop,$ 0.99,2013 Mad Decent,4:03,"April 17 , 2009","('ltable_Artist_Name', 'ltable_Price', 'ltable_Time')",0.99542713
69,Extra Extra Credit,Dyro & Rene Kuppens,Flight School,"Hip-Hop/Rap , Music",Album Only,2009 Rostrum Records,4:03,27-Nov-12,Extra Extra Credit [ Explicit ],Wiz Khalifa,Flight School [ Explicit ],Rap & Hip-Hop,$ 0.99,2013 Mad Decent,4:03,"April 17 , 2009","('ltable_Artist_Name', 'ltable_Price', 'ltable_Released')",0.99542713
70,Extra Extra Credit,Dyro & Rene Kuppens,Flight School,"Hip-Hop/Rap , Music",$ 0.99,‰ ãÑ 2012 Musical Freedom Label Ltd.,6:24,17-Apr-09,Extra Extra Credit [ Explicit ],Wiz Khalifa,Flight School [ Explicit ],Rap & Hip-Hop,$ 0.99,2013 Mad Decent,4:03,"April 17 , 2009","('ltable_Artist_Name', 'ltable_CopyRight', 'ltable_Time')",0.995427
71,Extra Extra Credit,Dyro & Rene Kuppens,Flight School,"Hip-Hop/Rap , Music",$ 0.99,‰ ãÑ 2012 Musical Freedom Label Ltd.,4:03,27-Nov-12,Extra Extra Credit [ Explicit ],Wiz Khalifa,Flight School [ Explicit ],Rap & Hip-Hop,$ 0.99,2013 Mad Decent,4:03,"April 17 , 2009","('ltable_Artist_Name', 'ltable_CopyRight', 'ltable_Released')",0.995427
72,Extra Extra Credit,Dyro & Rene Kuppens,Flight School,"Hip-Hop/Rap , Music",$ 0.99,2009 Rostrum Records,6:24,27-Nov-12,Extra Extra Credit [ Explicit ],Wiz Khalifa,Flight School [ Explicit ],Rap & Hip-Hop,$ 0.99,2013 Mad Decent,4:03,"April 17 , 2009","('ltable_Artist_Name', 'ltable_Time', 'ltable_Released')",0.99542713
73,Extra Extra Credit,Wiz Khalifa,Dance ( RED ) Save Lives [ Presented By TiÌÇsto ],"Dance , Music , Electronic",Album Only,2009 Rostrum Records,4:03,17-Apr-09,Extra Extra Credit [ Explicit ],Wiz Khalifa,Flight School [ Explicit ],Rap & Hip-Hop,$ 0.99,2013 Mad Decent,4:03,"April 17 , 2009","('ltable_Album_Name', 'ltable_Genre', 'ltable_Price')",0.9949183
74,Extra Extra Credit,Wiz Khalifa,Dance ( RED ) Save Lives [ Presented By TiÌÇsto ],"Dance , Music , Electronic",$ 0.99,‰ ãÑ 2012 Musical Freedom Label Ltd.,4:03,17-Apr-09,Extra Extra Credit [ Explicit ],Wiz Khalifa,Flight School [ Explicit ],Rap & Hip-Hop,$ 0.99,2013 Mad Decent,4:03,"April 17 , 2009","('ltable_Album_Name', 'ltable_Genre', 'ltable_CopyRight')",0.9949326
75,Extra Extra Credit,Wiz Khalifa,Dance ( RED ) Save Lives [ Presented By TiÌÇsto ],"Dance , Music , Electronic",$ 0.99,2009 Rostrum Records,6:24,17-Apr-09,Extra Extra Credit [ Explicit ],Wiz Khalifa,Flight School [ Explicit ],Rap & Hip-Hop,$ 0.99,2013 Mad Decent,4:03,"April 17 , 2009","('ltable_Album_Name', 'ltable_Genre', 'ltable_Time')",0.9949244
76,Extra Extra Credit,Wiz Khalifa,Dance ( RED ) Save Lives [ Presented By TiÌÇsto ],"Dance , Music , Electronic",$ 0.99,2009 Rostrum Records,4:03,27-Nov-12,Extra Extra Credit [ Explicit ],Wiz Khalifa,Flight School [ Explicit ],Rap & Hip-Hop,$ 0.99,2013 Mad Decent,4:03,"April 17 , 2009","('ltable_Album_Name', 'ltable_Genre', 'ltable_Released')",0.99492395
77,Extra Extra Credit,Wiz Khalifa,Dance ( RED ) Save Lives [ Presented By TiÌÇsto ],"Hip-Hop/Rap , Music",Album Only,‰ ãÑ 2012 Musical Freedom Label Ltd.,4:03,17-Apr-09,Extra Extra Credit [ Explicit ],Wiz Khalifa,Flight School [ Explicit ],Rap & Hip-Hop,$ 0.99,2013 Mad Decent,4:03,"April 17 , 2009","('ltable_Album_Name', 'ltable_Price', 'ltable_CopyRight')",0.99493295
78,Extra Extra Credit,Wiz Khalifa,Dance ( RED ) Save Lives [ Presented By TiÌÇsto ],"Hip-Hop/Rap , Music",Album Only,2009 Rostrum Records,6:24,17-Apr-09,Extra Extra Credit [ Explicit ],Wiz Khalifa,Flight School [ Explicit ],Rap & Hip-Hop,$ 0.99,2013 Mad Decent,4:03,"April 17 , 2009","('ltable_Album_Name', 'ltable_Price', 'ltable_Time')",0.99492466
79,Extra Extra Credit,Wiz Khalifa,Dance ( RED ) Save Lives [ Presented By TiÌÇsto ],"Hip-Hop/Rap , Music",Album Only,2009 Rostrum Records,4:03,27-Nov-12,Extra Extra Credit [ Explicit ],Wiz Khalifa,Flight School [ Explicit ],Rap & Hip-Hop,$ 0.99,2013 Mad Decent,4:03,"April 17 , 2009","('ltable_Album_Name', 'ltable_Price', 'ltable_Released')",0.9949242
80,Extra Extra Credit,Wiz Khalifa,Dance ( RED ) Save Lives [ Presented By TiÌÇsto ],"Hip-Hop/Rap , Music",$ 0.99,‰ ãÑ 2012 Musical Freedom Label Ltd.,6:24,17-Apr-09,Extra Extra Credit [ Explicit ],Wiz Khalifa,Flight School [ Explicit ],Rap & Hip-Hop,$ 0.99,2013 Mad Decent,4:03,"April 17 , 2009","('ltable_Album_Name', 'ltable_CopyRight', 'ltable_Time')",0.99491787
81,Extra Extra Credit,Wiz Khalifa,Dance ( RED ) Save Lives [ Presented By TiÌÇsto ],"Hip-Hop/Rap , Music",$ 0.99,‰ ãÑ 2012 Musical Freedom Label Ltd.,4:03,27-Nov-12,Extra Extra Credit [ Explicit ],Wiz Khalifa,Flight School [ Explicit ],Rap & Hip-Hop,$ 0.99,2013 Mad Decent,4:03,"April 17 , 2009","('ltable_Album_Name', 'ltable_CopyRight', 'ltable_Released')",0.99491864
82,Extra Extra Credit,Wiz Khalifa,Dance ( RED ) Save Lives [ Presented By TiÌÇsto ],"Hip-Hop/Rap , Music",$ 0.99,2009 Rostrum Records,6:24,27-Nov-12,Extra Extra Credit [ Explicit ],Wiz Khalifa,Flight School [ Explicit ],Rap & Hip-Hop,$ 0.99,2013 Mad Decent,4:03,"April 17 , 2009","('ltable_Album_Name', 'ltable_Time', 'ltable_Released')",0.99492455
83,Extra Extra Credit,Wiz Khalifa,Flight School,"Dance , Music , Electronic",Album Only,‰ ãÑ 2012 Musical Freedom Label Ltd.,4:03,17-Apr-09,Extra Extra Credit [ Explicit ],Wiz Khalifa,Flight School [ Explicit ],Rap & Hip-Hop,$ 0.99,2013 Mad Decent,4:03,"April 17 , 2009","('ltable_Genre', 'ltable_Price', 'ltable_CopyRight')",0.99500966
84,Extra Extra Credit,Wiz Khalifa,Flight School,"Dance , Music , Electronic",Album Only,2009 Rostrum Records,6:24,17-Apr-09,Extra Extra Credit [ Explicit ],Wiz Khalifa,Flight School [ Explicit ],Rap & Hip-Hop,$ 0.99,2013 Mad Decent,4:03,"April 17 , 2009","('ltable_Genre', 'ltable_Price', 'ltable_Time')",0.9950105
85,Extra Extra Credit,Wiz Khalifa,Flight School,"Dance , Music , Electronic",Album Only,2009 Rostrum Records,4:03,27-Nov-12,Extra Extra Credit [ Explicit ],Wiz Khalifa,Flight School [ Explicit ],Rap & Hip-Hop,$ 0.99,2013 Mad Decent,4:03,"April 17 , 2009","('ltable_Genre', 'ltable_Price', 'ltable_Released')",0.9950106
86,Extra Extra Credit,Wiz Khalifa,Flight School,"Dance , Music , Electronic",$ 0.99,‰ ãÑ 2012 Musical Freedom Label Ltd.,6:24,17-Apr-09,Extra Extra Credit [ Explicit ],Wiz Khalifa,Flight School [ Explicit ],Rap & Hip-Hop,$ 0.99,2013 Mad Decent,4:03,"April 17 , 2009","('ltable_Genre', 'ltable_CopyRight', 'ltable_Time')",0.9950111
87,Extra Extra Credit,Wiz Khalifa,Flight School,"Dance , Music , Electronic",$ 0.99,‰ ãÑ 2012 Musical Freedom Label Ltd.,4:03,27-Nov-12,Extra Extra Credit [ Explicit ],Wiz Khalifa,Flight School [ Explicit ],Rap & Hip-Hop,$ 0.99,2013 Mad Decent,4:03,"April 17 , 2009","('ltable_Genre', 'ltable_CopyRight', 'ltable_Released')",0.995011
88,Extra Extra Credit,Wiz Khalifa,Flight School,"Dance , Music , Electronic",$ 0.99,2009 Rostrum Records,6:24,27-Nov-12,Extra Extra Credit [ Explicit ],Wiz Khalifa,Flight School [ Explicit ],Rap & Hip-Hop,$ 0.99,2013 Mad Decent,4:03,"April 17 , 2009","('ltable_Genre', 'ltable_Time', 'ltable_Released')",0.99501085
89,Extra Extra Credit,Wiz Khalifa,Flight School,"Hip-Hop/Rap , Music",Album Only,‰ ãÑ 2012 Musical Freedom Label Ltd.,6:24,17-Apr-09,Extra Extra Credit [ Explicit ],Wiz Khalifa,Flight School [ Explicit ],Rap & Hip-Hop,$ 0.99,2013 Mad Decent,4:03,"April 17 , 2009","('ltable_Price', 'ltable_CopyRight', 'ltable_Time')",0.9950145
90,Extra Extra Credit,Wiz Khalifa,Flight School,"Hip-Hop/Rap , Music",Album Only,‰ ãÑ 2012 Musical Freedom Label Ltd.,4:03,27-Nov-12,Extra Extra Credit [ Explicit ],Wiz Khalifa,Flight School [ Explicit ],Rap & Hip-Hop,$ 0.99,2013 Mad Decent,4:03,"April 17 , 2009","('ltable_Price', 'ltable_CopyRight', 'ltable_Released')",0.99501437
91,Extra Extra Credit,Wiz Khalifa,Flight School,"Hip-Hop/Rap , Music",Album Only,2009 Rostrum Records,6:24,27-Nov-12,Extra Extra Credit [ Explicit ],Wiz Khalifa,Flight School [ Explicit ],Rap & Hip-Hop,$ 0.99,2013 Mad Decent,4:03,"April 17 , 2009","('ltable_Price', 'ltable_Time', 'ltable_Released')",0.9950146
92,Extra Extra Credit,Wiz Khalifa,Flight School,"Hip-Hop/Rap , Music",$ 0.99,‰ ãÑ 2012 Musical Freedom Label Ltd.,6:24,27-Nov-12,Extra Extra Credit [ Explicit ],Wiz Khalifa,Flight School [ Explicit ],Rap & Hip-Hop,$ 0.99,2013 Mad Decent,4:03,"April 17 , 2009","('ltable_CopyRight', 'ltable_Time', 'ltable_Released')",0.99501497
93,Raid,Dyro & Rene Kuppens,Dance ( RED ) Save Lives [ Presented By TiÌÇsto ],"Dance , Music , Electronic",$ 0.99,2009 Rostrum Records,4:03,17-Apr-09,Extra Extra Credit [ Explicit ],Wiz Khalifa,Flight School [ Explicit ],Rap & Hip-Hop,$ 0.99,2013 Mad Decent,4:03,"April 17 , 2009","('ltable_Song_Name', 'ltable_Artist_Name', 'ltable_Album_Name', 'ltable_Genre')",0.0628981
94,Raid,Dyro & Rene Kuppens,Dance ( RED ) Save Lives [ Presented By TiÌÇsto ],"Hip-Hop/Rap , Music",Album Only,2009 Rostrum Records,4:03,17-Apr-09,Extra Extra Credit [ Explicit ],Wiz Khalifa,Flight School [ Explicit ],Rap & Hip-Hop,$ 0.99,2013 Mad Decent,4:03,"April 17 , 2009","('ltable_Song_Name', 'ltable_Artist_Name', 'ltable_Album_Name', 'ltable_Price')",0.06289453
95,Raid,Dyro & Rene Kuppens,Dance ( RED ) Save Lives [ Presented By TiÌÇsto ],"Hip-Hop/Rap , Music",$ 0.99,‰ ãÑ 2012 Musical Freedom Label Ltd.,4:03,17-Apr-09,Extra Extra Credit [ Explicit ],Wiz Khalifa,Flight School [ Explicit ],Rap & Hip-Hop,$ 0.99,2013 Mad Decent,4:03,"April 17 , 2009","('ltable_Song_Name', 'ltable_Artist_Name', 'ltable_Album_Name', 'ltable_CopyRight')",0.062900424
96,Raid,Dyro & Rene Kuppens,Dance ( RED ) Save Lives [ Presented By TiÌÇsto ],"Hip-Hop/Rap , Music",$ 0.99,2009 Rostrum Records,6:24,17-Apr-09,Extra Extra Credit [ Explicit ],Wiz Khalifa,Flight School [ Explicit ],Rap & Hip-Hop,$ 0.99,2013 Mad Decent,4:03,"April 17 , 2009","('ltable_Song_Name', 'ltable_Artist_Name', 'ltable_Album_Name', 'ltable_Time')",0.06288127
97,Raid,Dyro & Rene Kuppens,Dance ( RED ) Save Lives [ Presented By TiÌÇsto ],"Hip-Hop/Rap , Music",$ 0.99,2009 Rostrum Records,4:03,27-Nov-12,Extra Extra Credit [ Explicit ],Wiz Khalifa,Flight School [ Explicit ],Rap & Hip-Hop,$ 0.99,2013 Mad Decent,4:03,"April 17 , 2009","('ltable_Song_Name', 'ltable_Artist_Name', 'ltable_Album_Name', 'ltable_Released')",0.06288122
98,Raid,Dyro & Rene Kuppens,Flight School,"Dance , Music , Electronic",Album Only,2009 Rostrum Records,4:03,17-Apr-09,Extra Extra Credit [ Explicit ],Wiz Khalifa,Flight School [ Explicit ],Rap & Hip-Hop,$ 0.99,2013 Mad Decent,4:03,"April 17 , 2009","('ltable_Song_Name', 'ltable_Artist_Name', 'ltable_Genre', 'ltable_Price')",0.059118222
99,Raid,Dyro & Rene Kuppens,Flight School,"Dance , Music , Electronic",$ 0.99,‰ ãÑ 2012 Musical Freedom Label Ltd.,4:03,17-Apr-09,Extra Extra Credit [ Explicit ],Wiz Khalifa,Flight School [ Explicit ],Rap & Hip-Hop,$ 0.99,2013 Mad Decent,4:03,"April 17 , 2009","('ltable_Song_Name', 'ltable_Artist_Name', 'ltable_Genre', 'ltable_CopyRight')",0.05909895
100,Raid,Dyro & Rene Kuppens,Flight School,"Dance , Music , Electronic",$ 0.99,2009 Rostrum Records,6:24,17-Apr-09,Extra Extra Credit [ Explicit ],Wiz Khalifa,Flight School [ Explicit ],Rap & Hip-Hop,$ 0.99,2013 Mad Decent,4:03,"April 17 , 2009","('ltable_Song_Name', 'ltable_Artist_Name', 'ltable_Genre', 'ltable_Time')",0.059085578
101,Raid,Dyro & Rene Kuppens,Flight School,"Dance , Music , Electronic",$ 0.99,2009 Rostrum Records,4:03,27-Nov-12,Extra Extra Credit [ Explicit ],Wiz Khalifa,Flight School [ Explicit ],Rap & Hip-Hop,$ 0.99,2013 Mad Decent,4:03,"April 17 , 2009","('ltable_Song_Name', 'ltable_Artist_Name', 'ltable_Genre', 'ltable_Released')",0.05908564
102,Raid,Dyro & Rene Kuppens,Flight School,"Hip-Hop/Rap , Music",Album Only,‰ ãÑ 2012 Musical Freedom Label Ltd.,4:03,17-Apr-09,Extra Extra Credit [ Explicit ],Wiz Khalifa,Flight School [ Explicit ],Rap & Hip-Hop,$ 0.99,2013 Mad Decent,4:03,"April 17 , 2009","('ltable_Song_Name', 'ltable_Artist_Name', 'ltable_Price', 'ltable_CopyRight')",0.059662312
103,Raid,Dyro & Rene Kuppens,Flight School,"Hip-Hop/Rap , Music",Album Only,2009 Rostrum Records,6:24,17-Apr-09,Extra Extra Credit [ Explicit ],Wiz Khalifa,Flight School [ Explicit ],Rap & Hip-Hop,$ 0.99,2013 Mad Decent,4:03,"April 17 , 2009","('ltable_Song_Name', 'ltable_Artist_Name', 'ltable_Price', 'ltable_Time')",0.059640948
104,Raid,Dyro & Rene Kuppens,Flight School,"Hip-Hop/Rap , Music",Album Only,2009 Rostrum Records,4:03,27-Nov-12,Extra Extra Credit [ Explicit ],Wiz Khalifa,Flight School [ Explicit ],Rap & Hip-Hop,$ 0.99,2013 Mad Decent,4:03,"April 17 , 2009","('ltable_Song_Name', 'ltable_Artist_Name', 'ltable_Price', 'ltable_Released')",0.05964106
105,Raid,Dyro & Rene Kuppens,Flight School,"Hip-Hop/Rap , Music",$ 0.99,‰ ãÑ 2012 Musical Freedom Label Ltd.,6:24,17-Apr-09,Extra Extra Credit [ Explicit ],Wiz Khalifa,Flight School [ Explicit ],Rap & Hip-Hop,$ 0.99,2013 Mad Decent,4:03,"April 17 , 2009","('ltable_Song_Name', 'ltable_Artist_Name', 'ltable_CopyRight', 'ltable_Time')",0.059610955
106,Raid,Dyro & Rene Kuppens,Flight School,"Hip-Hop/Rap , Music",$ 0.99,‰ ãÑ 2012 Musical Freedom Label Ltd.,4:03,27-Nov-12,Extra Extra Credit [ Explicit ],Wiz Khalifa,Flight School [ Explicit ],Rap & Hip-Hop,$ 0.99,2013 Mad Decent,4:03,"April 17 , 2009","('ltable_Song_Name', 'ltable_Artist_Name', 'ltable_CopyRight', 'ltable_Released')",0.05961091
107,Raid,Dyro & Rene Kuppens,Flight School,"Hip-Hop/Rap , Music",$ 0.99,2009 Rostrum Records,6:24,27-Nov-12,Extra Extra Credit [ Explicit ],Wiz Khalifa,Flight School [ Explicit ],Rap & Hip-Hop,$ 0.99,2013 Mad Decent,4:03,"April 17 , 2009","('ltable_Song_Name', 'ltable_Artist_Name', 'ltable_Time', 'ltable_Released')",0.059593968
108,Raid,Wiz Khalifa,Dance ( RED ) Save Lives [ Presented By TiÌÇsto ],"Dance , Music , Electronic",Album Only,2009 Rostrum Records,4:03,17-Apr-09,Extra Extra Credit [ Explicit ],Wiz Khalifa,Flight School [ Explicit ],Rap & Hip-Hop,$ 0.99,2013 Mad Decent,4:03,"April 17 , 2009","('ltable_Song_Name', 'ltable_Album_Name', 'ltable_Genre', 'ltable_Price')",0.07011951
109,Raid,Wiz Khalifa,Dance ( RED ) Save Lives [ Presented By TiÌÇsto ],"Dance , Music , Electronic",$ 0.99,‰ ãÑ 2012 Musical Freedom Label Ltd.,4:03,17-Apr-09,Extra Extra Credit [ Explicit ],Wiz Khalifa,Flight School [ Explicit ],Rap & Hip-Hop,$ 0.99,2013 Mad Decent,4:03,"April 17 , 2009","('ltable_Song_Name', 'ltable_Album_Name', 'ltable_Genre', 'ltable_CopyRight')",0.07016911
110,Raid,Wiz Khalifa,Dance ( RED ) Save Lives [ Presented By TiÌÇsto ],"Dance , Music , Electronic",$ 0.99,2009 Rostrum Records,6:24,17-Apr-09,Extra Extra Credit [ Explicit ],Wiz Khalifa,Flight School [ Explicit ],Rap & Hip-Hop,$ 0.99,2013 Mad Decent,4:03,"April 17 , 2009","('ltable_Song_Name', 'ltable_Album_Name', 'ltable_Genre', 'ltable_Time')",0.07012493
111,Raid,Wiz Khalifa,Dance ( RED ) Save Lives [ Presented By TiÌÇsto ],"Dance , Music , Electronic",$ 0.99,2009 Rostrum Records,4:03,27-Nov-12,Extra Extra Credit [ Explicit ],Wiz Khalifa,Flight School [ Explicit ],Rap & Hip-Hop,$ 0.99,2013 Mad Decent,4:03,"April 17 , 2009","('ltable_Song_Name', 'ltable_Album_Name', 'ltable_Genre', 'ltable_Released')",0.070123546
112,Raid,Wiz Khalifa,Dance ( RED ) Save Lives [ Presented By TiÌÇsto ],"Hip-Hop/Rap , Music",Album Only,‰ ãÑ 2012 Musical Freedom Label Ltd.,4:03,17-Apr-09,Extra Extra Credit [ Explicit ],Wiz Khalifa,Flight School [ Explicit ],Rap & Hip-Hop,$ 0.99,2013 Mad Decent,4:03,"April 17 , 2009","('ltable_Song_Name', 'ltable_Album_Name', 'ltable_Price', 'ltable_CopyRight')",0.070148654
113,Raid,Wiz Khalifa,Dance ( RED ) Save Lives [ Presented By TiÌÇsto ],"Hip-Hop/Rap , Music",Album Only,2009 Rostrum Records,6:24,17-Apr-09,Extra Extra Credit [ Explicit ],Wiz Khalifa,Flight School [ Explicit ],Rap & Hip-Hop,$ 0.99,2013 Mad Decent,4:03,"April 17 , 2009","('ltable_Song_Name', 'ltable_Album_Name', 'ltable_Price', 'ltable_Time')",0.070103996
114,Raid,Wiz Khalifa,Dance ( RED ) Save Lives [ Presented By TiÌÇsto ],"Hip-Hop/Rap , Music",Album Only,2009 Rostrum Records,4:03,27-Nov-12,Extra Extra Credit [ Explicit ],Wiz Khalifa,Flight School [ Explicit ],Rap & Hip-Hop,$ 0.99,2013 Mad Decent,4:03,"April 17 , 2009","('ltable_Song_Name', 'ltable_Album_Name', 'ltable_Price', 'ltable_Released')",0.070102714
115,Raid,Wiz Khalifa,Dance ( RED ) Save Lives [ Presented By TiÌÇsto ],"Hip-Hop/Rap , Music",$ 0.99,‰ ãÑ 2012 Musical Freedom Label Ltd.,6:24,17-Apr-09,Extra Extra Credit [ Explicit ],Wiz Khalifa,Flight School [ Explicit ],Rap & Hip-Hop,$ 0.99,2013 Mad Decent,4:03,"April 17 , 2009","('ltable_Song_Name', 'ltable_Album_Name', 'ltable_CopyRight', 'ltable_Time')",0.070121795
116,Raid,Wiz Khalifa,Dance ( RED ) Save Lives [ Presented By TiÌÇsto ],"Hip-Hop/Rap , Music",$ 0.99,‰ ãÑ 2012 Musical Freedom Label Ltd.,4:03,27-Nov-12,Extra Extra Credit [ Explicit ],Wiz Khalifa,Flight School [ Explicit ],Rap & Hip-Hop,$ 0.99,2013 Mad Decent,4:03,"April 17 , 2009","('ltable_Song_Name', 'ltable_Album_Name', 'ltable_CopyRight', 'ltable_Released')",0.07012569
117,Raid,Wiz Khalifa,Dance ( RED ) Save Lives [ Presented By TiÌÇsto ],"Hip-Hop/Rap , Music",$ 0.99,2009 Rostrum Records,6:24,27-Nov-12,Extra Extra Credit [ Explicit ],Wiz Khalifa,Flight School [ Explicit ],Rap & Hip-Hop,$ 0.99,2013 Mad Decent,4:03,"April 17 , 2009","('ltable_Song_Name', 'ltable_Album_Name', 'ltable_Time', 'ltable_Released')",0.07011446
118,Raid,Wiz Khalifa,Flight School,"Dance , Music , Electronic",Album Only,‰ ãÑ 2012 Musical Freedom Label Ltd.,4:03,17-Apr-09,Extra Extra Credit [ Explicit ],Wiz Khalifa,Flight School [ Explicit ],Rap & Hip-Hop,$ 0.99,2013 Mad Decent,4:03,"April 17 , 2009","('ltable_Song_Name', 'ltable_Genre', 'ltable_Price', 'ltable_CopyRight')",0.05754888
119,Raid,Wiz Khalifa,Flight School,"Dance , Music , Electronic",Album Only,2009 Rostrum Records,6:24,17-Apr-09,Extra Extra Credit [ Explicit ],Wiz Khalifa,Flight School [ Explicit ],Rap & Hip-Hop,$ 0.99,2013 Mad Decent,4:03,"April 17 , 2009","('ltable_Song_Name', 'ltable_Genre', 'ltable_Price', 'ltable_Time')",0.057529494
120,Raid,Wiz Khalifa,Flight School,"Dance , Music , Electronic",Album Only,2009 Rostrum Records,4:03,27-Nov-12,Extra Extra Credit [ Explicit ],Wiz Khalifa,Flight School [ Explicit ],Rap & Hip-Hop,$ 0.99,2013 Mad Decent,4:03,"April 17 , 2009","('ltable_Song_Name', 'ltable_Genre', 'ltable_Price', 'ltable_Released')",0.057529792
121,Raid,Wiz Khalifa,Flight School,"Dance , Music , Electronic",$ 0.99,‰ ãÑ 2012 Musical Freedom Label Ltd.,6:24,17-Apr-09,Extra Extra Credit [ Explicit ],Wiz Khalifa,Flight School [ Explicit ],Rap & Hip-Hop,$ 0.99,2013 Mad Decent,4:03,"April 17 , 2009","('ltable_Song_Name', 'ltable_Genre', 'ltable_CopyRight', 'ltable_Time')",0.057484265
122,Raid,Wiz Khalifa,Flight School,"Dance , Music , Electronic",$ 0.99,‰ ãÑ 2012 Musical Freedom Label Ltd.,4:03,27-Nov-12,Extra Extra Credit [ Explicit ],Wiz Khalifa,Flight School [ Explicit ],Rap & Hip-Hop,$ 0.99,2013 Mad Decent,4:03,"April 17 , 2009","('ltable_Song_Name', 'ltable_Genre', 'ltable_CopyRight', 'ltable_Released')",0.057484016
123,Raid,Wiz Khalifa,Flight School,"Dance , Music , Electronic",$ 0.99,2009 Rostrum Records,6:24,27-Nov-12,Extra Extra Credit [ Explicit ],Wiz Khalifa,Flight School [ Explicit ],Rap & Hip-Hop,$ 0.99,2013 Mad Decent,4:03,"April 17 , 2009","('ltable_Song_Name', 'ltable_Genre', 'ltable_Time', 'ltable_Released')",0.057449576
124,Raid,Wiz Khalifa,Flight School,"Hip-Hop/Rap , Music",Album Only,‰ ãÑ 2012 Musical Freedom Label Ltd.,6:24,17-Apr-09,Extra Extra Credit [ Explicit ],Wiz Khalifa,Flight School [ Explicit ],Rap & Hip-Hop,$ 0.99,2013 Mad Decent,4:03,"April 17 , 2009","('ltable_Song_Name', 'ltable_Price', 'ltable_CopyRight', 'ltable_Time')",0.058370944
125,Raid,Wiz Khalifa,Flight School,"Hip-Hop/Rap , Music",Album Only,‰ ãÑ 2012 Musical Freedom Label Ltd.,4:03,27-Nov-12,Extra Extra Credit [ Explicit ],Wiz Khalifa,Flight School [ Explicit ],Rap & Hip-Hop,$ 0.99,2013 Mad Decent,4:03,"April 17 , 2009","('ltable_Song_Name', 'ltable_Price', 'ltable_CopyRight', 'ltable_Released')",0.05837071
126,Raid,Wiz Khalifa,Flight School,"Hip-Hop/Rap , Music",Album Only,2009 Rostrum Records,6:24,27-Nov-12,Extra Extra Credit [ Explicit ],Wiz Khalifa,Flight School [ Explicit ],Rap & Hip-Hop,$ 0.99,2013 Mad Decent,4:03,"April 17 , 2009","('ltable_Song_Name', 'ltable_Price', 'ltable_Time', 'ltable_Released')",0.058312736
127,Raid,Wiz Khalifa,Flight School,"Hip-Hop/Rap , Music",$ 0.99,‰ ãÑ 2012 Musical Freedom Label Ltd.,6:24,27-Nov-12,Extra Extra Credit [ Explicit ],Wiz Khalifa,Flight School [ Explicit ],Rap & Hip-Hop,$ 0.99,2013 Mad Decent,4:03,"April 17 , 2009","('ltable_Song_Name', 'ltable_CopyRight', 'ltable_Time', 'ltable_Released')",0.058250017
128,Extra Extra Credit,Dyro & Rene Kuppens,Dance ( RED ) Save Lives [ Presented By TiÌÇsto ],"Dance , Music , Electronic",Album Only,2009 Rostrum Records,4:03,17-Apr-09,Extra Extra Credit [ Explicit ],Wiz Khalifa,Flight School [ Explicit ],Rap & Hip-Hop,$ 0.99,2013 Mad Decent,4:03,"April 17 , 2009","('ltable_Artist_Name', 'ltable_Album_Name', 'ltable_Genre', 'ltable_Price')",0.99542266
129,Extra Extra Credit,Dyro & Rene Kuppens,Dance ( RED ) Save Lives [ Presented By TiÌÇsto ],"Dance , Music , Electronic",$ 0.99,‰ ãÑ 2012 Musical Freedom Label Ltd.,4:03,17-Apr-09,Extra Extra Credit [ Explicit ],Wiz Khalifa,Flight School [ Explicit ],Rap & Hip-Hop,$ 0.99,2013 Mad Decent,4:03,"April 17 , 2009","('ltable_Artist_Name', 'ltable_Album_Name', 'ltable_Genre', 'ltable_CopyRight')",0.99541277
130,Extra Extra Credit,Dyro & Rene Kuppens,Dance ( RED ) Save Lives [ Presented By TiÌÇsto ],"Dance , Music , Electronic",$ 0.99,2009 Rostrum Records,6:24,17-Apr-09,Extra Extra Credit [ Explicit ],Wiz Khalifa,Flight School [ Explicit ],Rap & Hip-Hop,$ 0.99,2013 Mad Decent,4:03,"April 17 , 2009","('ltable_Artist_Name', 'ltable_Album_Name', 'ltable_Genre', 'ltable_Time')",0.995413
131,Extra Extra Credit,Dyro & Rene Kuppens,Dance ( RED ) Save Lives [ Presented By TiÌÇsto ],"Dance , Music , Electronic",$ 0.99,2009 Rostrum Records,4:03,27-Nov-12,Extra Extra Credit [ Explicit ],Wiz Khalifa,Flight School [ Explicit ],Rap & Hip-Hop,$ 0.99,2013 Mad Decent,4:03,"April 17 , 2009","('ltable_Artist_Name', 'ltable_Album_Name', 'ltable_Genre', 'ltable_Released')",0.99541336
132,Extra Extra Credit,Dyro & Rene Kuppens,Dance ( RED ) Save Lives [ Presented By TiÌÇsto ],"Hip-Hop/Rap , Music",Album Only,‰ ãÑ 2012 Musical Freedom Label Ltd.,4:03,17-Apr-09,Extra Extra Credit [ Explicit ],Wiz Khalifa,Flight School [ Explicit ],Rap & Hip-Hop,$ 0.99,2013 Mad Decent,4:03,"April 17 , 2009","('ltable_Artist_Name', 'ltable_Album_Name', 'ltable_Price', 'ltable_CopyRight')",0.9954129
133,Extra Extra Credit,Dyro & Rene Kuppens,Dance ( RED ) Save Lives [ Presented By TiÌÇsto ],"Hip-Hop/Rap , Music",Album Only,2009 Rostrum Records,6:24,17-Apr-09,Extra Extra Credit [ Explicit ],Wiz Khalifa,Flight School [ Explicit ],Rap & Hip-Hop,$ 0.99,2013 Mad Decent,4:03,"April 17 , 2009","('ltable_Artist_Name', 'ltable_Album_Name', 'ltable_Price', 'ltable_Time')",0.995413
134,Extra Extra Credit,Dyro & Rene Kuppens,Dance ( RED ) Save Lives [ Presented By TiÌÇsto ],"Hip-Hop/Rap , Music",Album Only,2009 Rostrum Records,4:03,27-Nov-12,Extra Extra Credit [ Explicit ],Wiz Khalifa,Flight School [ Explicit ],Rap & Hip-Hop,$ 0.99,2013 Mad Decent,4:03,"April 17 , 2009","('ltable_Artist_Name', 'ltable_Album_Name', 'ltable_Price', 'ltable_Released')",0.99541336
135,Extra Extra Credit,Dyro & Rene Kuppens,Dance ( RED ) Save Lives [ Presented By TiÌÇsto ],"Hip-Hop/Rap , Music",$ 0.99,‰ ãÑ 2012 Musical Freedom Label Ltd.,6:24,17-Apr-09,Extra Extra Credit [ Explicit ],Wiz Khalifa,Flight School [ Explicit ],Rap & Hip-Hop,$ 0.99,2013 Mad Decent,4:03,"April 17 , 2009","('ltable_Artist_Name', 'ltable_Album_Name', 'ltable_CopyRight', 'ltable_Time')",0.9954325
136,Extra Extra Credit,Dyro & Rene Kuppens,Dance ( RED ) Save Lives [ Presented By TiÌÇsto ],"Hip-Hop/Rap , Music",$ 0.99,‰ ãÑ 2012 Musical Freedom Label Ltd.,4:03,27-Nov-12,Extra Extra Credit [ Explicit ],Wiz Khalifa,Flight School [ Explicit ],Rap & Hip-Hop,$ 0.99,2013 Mad Decent,4:03,"April 17 , 2009","('ltable_Artist_Name', 'ltable_Album_Name', 'ltable_CopyRight', 'ltable_Released')",0.9954319
137,Extra Extra Credit,Dyro & Rene Kuppens,Dance ( RED ) Save Lives [ Presented By TiÌÇsto ],"Hip-Hop/Rap , Music",$ 0.99,2009 Rostrum Records,6:24,27-Nov-12,Extra Extra Credit [ Explicit ],Wiz Khalifa,Flight School [ Explicit ],Rap & Hip-Hop,$ 0.99,2013 Mad Decent,4:03,"April 17 , 2009","('ltable_Artist_Name', 'ltable_Album_Name', 'ltable_Time', 'ltable_Released')",0.9954169
138,Extra Extra Credit,Dyro & Rene Kuppens,Flight School,"Dance , Music , Electronic",Album Only,‰ ãÑ 2012 Musical Freedom Label Ltd.,4:03,17-Apr-09,Extra Extra Credit [ Explicit ],Wiz Khalifa,Flight School [ Explicit ],Rap & Hip-Hop,$ 0.99,2013 Mad Decent,4:03,"April 17 , 2009","('ltable_Artist_Name', 'ltable_Genre', 'ltable_Price', 'ltable_CopyRight')",0.99542916
139,Extra Extra Credit,Dyro & Rene Kuppens,Flight School,"Dance , Music , Electronic",Album Only,2009 Rostrum Records,6:24,17-Apr-09,Extra Extra Credit [ Explicit ],Wiz Khalifa,Flight School [ Explicit ],Rap & Hip-Hop,$ 0.99,2013 Mad Decent,4:03,"April 17 , 2009","('ltable_Artist_Name', 'ltable_Genre', 'ltable_Price', 'ltable_Time')",0.9954288
140,Extra Extra Credit,Dyro & Rene Kuppens,Flight School,"Dance , Music , Electronic",Album Only,2009 Rostrum Records,4:03,27-Nov-12,Extra Extra Credit [ Explicit ],Wiz Khalifa,Flight School [ Explicit ],Rap & Hip-Hop,$ 0.99,2013 Mad Decent,4:03,"April 17 , 2009","('ltable_Artist_Name', 'ltable_Genre', 'ltable_Price', 'ltable_Released')",0.9954288
141,Extra Extra Credit,Dyro & Rene Kuppens,Flight School,"Dance , Music , Electronic",$ 0.99,‰ ãÑ 2012 Musical Freedom Label Ltd.,6:24,17-Apr-09,Extra Extra Credit [ Explicit ],Wiz Khalifa,Flight School [ Explicit ],Rap & Hip-Hop,$ 0.99,2013 Mad Decent,4:03,"April 17 , 2009","('ltable_Artist_Name', 'ltable_Genre', 'ltable_CopyRight', 'ltable_Time')",0.99542797
142,Extra Extra Credit,Dyro & Rene Kuppens,Flight School,"Dance , Music , Electronic",$ 0.99,‰ ãÑ 2012 Musical Freedom Label Ltd.,4:03,27-Nov-12,Extra Extra Credit [ Explicit ],Wiz Khalifa,Flight School [ Explicit ],Rap & Hip-Hop,$ 0.99,2013 Mad Decent,4:03,"April 17 , 2009","('ltable_Artist_Name', 'ltable_Genre', 'ltable_CopyRight', 'ltable_Released')",0.99542797
143,Extra Extra Credit,Dyro & Rene Kuppens,Flight School,"Dance , Music , Electronic",$ 0.99,2009 Rostrum Records,6:24,27-Nov-12,Extra Extra Credit [ Explicit ],Wiz Khalifa,Flight School [ Explicit ],Rap & Hip-Hop,$ 0.99,2013 Mad Decent,4:03,"April 17 , 2009","('ltable_Artist_Name', 'ltable_Genre', 'ltable_Time', 'ltable_Released')",0.9954289
144,Extra Extra Credit,Dyro & Rene Kuppens,Flight School,"Hip-Hop/Rap , Music",Album Only,‰ ãÑ 2012 Musical Freedom Label Ltd.,6:24,17-Apr-09,Extra Extra Credit [ Explicit ],Wiz Khalifa,Flight School [ Explicit ],Rap & Hip-Hop,$ 0.99,2013 Mad Decent,4:03,"April 17 , 2009","('ltable_Artist_Name', 'ltable_Price', 'ltable_CopyRight', 'ltable_Time')",0.99542624
145,Extra Extra Credit,Dyro & Rene Kuppens,Flight School,"Hip-Hop/Rap , Music",Album Only,‰ ãÑ 2012 Musical Freedom Label Ltd.,4:03,27-Nov-12,Extra Extra Credit [ Explicit ],Wiz Khalifa,Flight School [ Explicit ],Rap & Hip-Hop,$ 0.99,2013 Mad Decent,4:03,"April 17 , 2009","('ltable_Artist_Name', 'ltable_Price', 'ltable_CopyRight', 'ltable_Released')",0.99542624
146,Extra Extra Credit,Dyro & Rene Kuppens,Flight School,"Hip-Hop/Rap , Music",Album Only,2009 Rostrum Records,6:24,27-Nov-12,Extra Extra Credit [ Explicit ],Wiz Khalifa,Flight School [ Explicit ],Rap & Hip-Hop,$ 0.99,2013 Mad Decent,4:03,"April 17 , 2009","('ltable_Artist_Name', 'ltable_Price', 'ltable_Time', 'ltable_Released')",0.99542713
147,Extra Extra Credit,Dyro & Rene Kuppens,Flight School,"Hip-Hop/Rap , Music",$ 0.99,‰ ãÑ 2012 Musical Freedom Label Ltd.,6:24,27-Nov-12,Extra Extra Credit [ Explicit ],Wiz Khalifa,Flight School [ Explicit ],Rap & Hip-Hop,$ 0.99,2013 Mad Decent,4:03,"April 17 , 2009","('ltable_Artist_Name', 'ltable_CopyRight', 'ltable_Time', 'ltable_Released')",0.995427
148,Extra Extra Credit,Wiz Khalifa,Dance ( RED ) Save Lives [ Presented By TiÌÇsto ],"Dance , Music , Electronic",Album Only,‰ ãÑ 2012 Musical Freedom Label Ltd.,4:03,17-Apr-09,Extra Extra Credit [ Explicit ],Wiz Khalifa,Flight School [ Explicit ],Rap & Hip-Hop,$ 0.99,2013 Mad Decent,4:03,"April 17 , 2009","('ltable_Album_Name', 'ltable_Genre', 'ltable_Price', 'ltable_CopyRight')",0.994935
149,Extra Extra Credit,Wiz Khalifa,Dance ( RED ) Save Lives [ Presented By TiÌÇsto ],"Dance , Music , Electronic",Album Only,2009 Rostrum Records,6:24,17-Apr-09,Extra Extra Credit [ Explicit ],Wiz Khalifa,Flight School [ Explicit ],Rap & Hip-Hop,$ 0.99,2013 Mad Decent,4:03,"April 17 , 2009","('ltable_Album_Name', 'ltable_Genre', 'ltable_Price', 'ltable_Time')",0.9949184
150,Extra Extra Credit,Wiz Khalifa,Dance ( RED ) Save Lives [ Presented By TiÌÇsto ],"Dance , Music , Electronic",Album Only,2009 Rostrum Records,4:03,27-Nov-12,Extra Extra Credit [ Explicit ],Wiz Khalifa,Flight School [ Explicit ],Rap & Hip-Hop,$ 0.99,2013 Mad Decent,4:03,"April 17 , 2009","('ltable_Album_Name', 'ltable_Genre', 'ltable_Price', 'ltable_Released')",0.994918
151,Extra Extra Credit,Wiz Khalifa,Dance ( RED ) Save Lives [ Presented By TiÌÇsto ],"Dance , Music , Electronic",$ 0.99,‰ ãÑ 2012 Musical Freedom Label Ltd.,6:24,17-Apr-09,Extra Extra Credit [ Explicit ],Wiz Khalifa,Flight School [ Explicit ],Rap & Hip-Hop,$ 0.99,2013 Mad Decent,4:03,"April 17 , 2009","('ltable_Album_Name', 'ltable_Genre', 'ltable_CopyRight', 'ltable_Time')",0.9949325
152,Extra Extra Credit,Wiz Khalifa,Dance ( RED ) Save Lives [ Presented By TiÌÇsto ],"Dance , Music , Electronic",$ 0.99,‰ ãÑ 2012 Musical Freedom Label Ltd.,4:03,27-Nov-12,Extra Extra Credit [ Explicit ],Wiz Khalifa,Flight School [ Explicit ],Rap & Hip-Hop,$ 0.99,2013 Mad Decent,4:03,"April 17 , 2009","('ltable_Album_Name', 'ltable_Genre', 'ltable_CopyRight', 'ltable_Released')",0.9949338
153,Extra Extra Credit,Wiz Khalifa,Dance ( RED ) Save Lives [ Presented By TiÌÇsto ],"Dance , Music , Electronic",$ 0.99,2009 Rostrum Records,6:24,27-Nov-12,Extra Extra Credit [ Explicit ],Wiz Khalifa,Flight School [ Explicit ],Rap & Hip-Hop,$ 0.99,2013 Mad Decent,4:03,"April 17 , 2009","('ltable_Album_Name', 'ltable_Genre', 'ltable_Time', 'ltable_Released')",0.99492395
154,Extra Extra Credit,Wiz Khalifa,Dance ( RED ) Save Lives [ Presented By TiÌÇsto ],"Hip-Hop/Rap , Music",Album Only,‰ ãÑ 2012 Musical Freedom Label Ltd.,6:24,17-Apr-09,Extra Extra Credit [ Explicit ],Wiz Khalifa,Flight School [ Explicit ],Rap & Hip-Hop,$ 0.99,2013 Mad Decent,4:03,"April 17 , 2009","('ltable_Album_Name', 'ltable_Price', 'ltable_CopyRight', 'ltable_Time')",0.99493283
155,Extra Extra Credit,Wiz Khalifa,Dance ( RED ) Save Lives [ Presented By TiÌÇsto ],"Hip-Hop/Rap , Music",Album Only,‰ ãÑ 2012 Musical Freedom Label Ltd.,4:03,27-Nov-12,Extra Extra Credit [ Explicit ],Wiz Khalifa,Flight School [ Explicit ],Rap & Hip-Hop,$ 0.99,2013 Mad Decent,4:03,"April 17 , 2009","('ltable_Album_Name', 'ltable_Price', 'ltable_CopyRight', 'ltable_Released')",0.994934
156,Extra Extra Credit,Wiz Khalifa,Dance ( RED ) Save Lives [ Presented By TiÌÇsto ],"Hip-Hop/Rap , Music",Album Only,2009 Rostrum Records,6:24,27-Nov-12,Extra Extra Credit [ Explicit ],Wiz Khalifa,Flight School [ Explicit ],Rap & Hip-Hop,$ 0.99,2013 Mad Decent,4:03,"April 17 , 2009","('ltable_Album_Name', 'ltable_Price', 'ltable_Time', 'ltable_Released')",0.9949242
157,Extra Extra Credit,Wiz Khalifa,Dance ( RED ) Save Lives [ Presented By TiÌÇsto ],"Hip-Hop/Rap , Music",$ 0.99,‰ ãÑ 2012 Musical Freedom Label Ltd.,6:24,27-Nov-12,Extra Extra Credit [ Explicit ],Wiz Khalifa,Flight School [ Explicit ],Rap & Hip-Hop,$ 0.99,2013 Mad Decent,4:03,"April 17 , 2009","('ltable_Album_Name', 'ltable_CopyRight', 'ltable_Time', 'ltable_Released')",0.99491864
158,Extra Extra Credit,Wiz Khalifa,Flight School,"Dance , Music , Electronic",Album Only,‰ ãÑ 2012 Musical Freedom Label Ltd.,6:24,17-Apr-09,Extra Extra Credit [ Explicit ],Wiz Khalifa,Flight School [ Explicit ],Rap & Hip-Hop,$ 0.99,2013 Mad Decent,4:03,"April 17 , 2009","('ltable_Genre', 'ltable_Price', 'ltable_CopyRight', 'ltable_Time')",0.9950098
159,Extra Extra Credit,Wiz Khalifa,Flight School,"Dance , Music , Electronic",Album Only,‰ ãÑ 2012 Musical Freedom Label Ltd.,4:03,27-Nov-12,Extra Extra Credit [ Explicit ],Wiz Khalifa,Flight School [ Explicit ],Rap & Hip-Hop,$ 0.99,2013 Mad Decent,4:03,"April 17 , 2009","('ltable_Genre', 'ltable_Price', 'ltable_CopyRight', 'ltable_Released')",0.99500966
160,Extra Extra Credit,Wiz Khalifa,Flight School,"Dance , Music , Electronic",Album Only,2009 Rostrum Records,6:24,27-Nov-12,Extra Extra Credit [ Explicit ],Wiz Khalifa,Flight School [ Explicit ],Rap & Hip-Hop,$ 0.99,2013 Mad Decent,4:03,"April 17 , 2009","('ltable_Genre', 'ltable_Price', 'ltable_Time', 'ltable_Released')",0.9950106
161,Extra Extra Credit,Wiz Khalifa,Flight School,"Dance , Music , Electronic",$ 0.99,‰ ãÑ 2012 Musical Freedom Label Ltd.,6:24,27-Nov-12,Extra Extra Credit [ Explicit ],Wiz Khalifa,Flight School [ Explicit ],Rap & Hip-Hop,$ 0.99,2013 Mad Decent,4:03,"April 17 , 2009","('ltable_Genre', 'ltable_CopyRight', 'ltable_Time', 'ltable_Released')",0.995011
162,Extra Extra Credit,Wiz Khalifa,Flight School,"Hip-Hop/Rap , Music",Album Only,‰ ãÑ 2012 Musical Freedom Label Ltd.,6:24,27-Nov-12,Extra Extra Credit [ Explicit ],Wiz Khalifa,Flight School [ Explicit ],Rap & Hip-Hop,$ 0.99,2013 Mad Decent,4:03,"April 17 , 2009","('ltable_Price', 'ltable_CopyRight', 'ltable_Time', 'ltable_Released')",0.99501437
163,Raid,Dyro & Rene Kuppens,Dance ( RED ) Save Lives [ Presented By TiÌÇsto ],"Dance , Music , Electronic",Album Only,2009 Rostrum Records,4:03,17-Apr-09,Extra Extra Credit [ Explicit ],Wiz Khalifa,Flight School [ Explicit ],Rap & Hip-Hop,$ 0.99,2013 Mad Decent,4:03,"April 17 , 2009","('ltable_Song_Name', 'ltable_Artist_Name', 'ltable_Album_Name', 'ltable_Genre', 'ltable_Price')",0.06293017
164,Raid,Dyro & Rene Kuppens,Dance ( RED ) Save Lives [ Presented By TiÌÇsto ],"Dance , Music , Electronic",$ 0.99,‰ ãÑ 2012 Musical Freedom Label Ltd.,4:03,17-Apr-09,Extra Extra Credit [ Explicit ],Wiz Khalifa,Flight School [ Explicit ],Rap & Hip-Hop,$ 0.99,2013 Mad Decent,4:03,"April 17 , 2009","('ltable_Song_Name', 'ltable_Artist_Name', 'ltable_Album_Name', 'ltable_Genre', 'ltable_CopyRight')",0.06281523
165,Raid,Dyro & Rene Kuppens,Dance ( RED ) Save Lives [ Presented By TiÌÇsto ],"Dance , Music , Electronic",$ 0.99,2009 Rostrum Records,6:24,17-Apr-09,Extra Extra Credit [ Explicit ],Wiz Khalifa,Flight School [ Explicit ],Rap & Hip-Hop,$ 0.99,2013 Mad Decent,4:03,"April 17 , 2009","('ltable_Song_Name', 'ltable_Artist_Name', 'ltable_Album_Name', 'ltable_Genre', 'ltable_Time')",0.06289797
166,Raid,Dyro & Rene Kuppens,Dance ( RED ) Save Lives [ Presented By TiÌÇsto ],"Dance , Music , Electronic",$ 0.99,2009 Rostrum Records,4:03,27-Nov-12,Extra Extra Credit [ Explicit ],Wiz Khalifa,Flight School [ Explicit ],Rap & Hip-Hop,$ 0.99,2013 Mad Decent,4:03,"April 17 , 2009","('ltable_Song_Name', 'ltable_Artist_Name', 'ltable_Album_Name', 'ltable_Genre', 'ltable_Released')",0.06290131
167,Raid,Dyro & Rene Kuppens,Dance ( RED ) Save Lives [ Presented By TiÌÇsto ],"Hip-Hop/Rap , Music",Album Only,‰ ãÑ 2012 Musical Freedom Label Ltd.,4:03,17-Apr-09,Extra Extra Credit [ Explicit ],Wiz Khalifa,Flight School [ Explicit ],Rap & Hip-Hop,$ 0.99,2013 Mad Decent,4:03,"April 17 , 2009","('ltable_Song_Name', 'ltable_Artist_Name', 'ltable_Album_Name', 'ltable_Price', 'ltable_CopyRight')",0.06281178
168,Raid,Dyro & Rene Kuppens,Dance ( RED ) Save Lives [ Presented By TiÌÇsto ],"Hip-Hop/Rap , Music",Album Only,2009 Rostrum Records,6:24,17-Apr-09,Extra Extra Credit [ Explicit ],Wiz Khalifa,Flight School [ Explicit ],Rap & Hip-Hop,$ 0.99,2013 Mad Decent,4:03,"April 17 , 2009","('ltable_Song_Name', 'ltable_Artist_Name', 'ltable_Album_Name', 'ltable_Price', 'ltable_Time')",0.06289435
169,Raid,Dyro & Rene Kuppens,Dance ( RED ) Save Lives [ Presented By TiÌÇsto ],"Hip-Hop/Rap , Music",Album Only,2009 Rostrum Records,4:03,27-Nov-12,Extra Extra Credit [ Explicit ],Wiz Khalifa,Flight School [ Explicit ],Rap & Hip-Hop,$ 0.99,2013 Mad Decent,4:03,"April 17 , 2009","('ltable_Song_Name', 'ltable_Artist_Name', 'ltable_Album_Name', 'ltable_Price', 'ltable_Released')",0.06289764
170,Raid,Dyro & Rene Kuppens,Dance ( RED ) Save Lives [ Presented By TiÌÇsto ],"Hip-Hop/Rap , Music",$ 0.99,‰ ãÑ 2012 Musical Freedom Label Ltd.,6:24,17-Apr-09,Extra Extra Credit [ Explicit ],Wiz Khalifa,Flight School [ Explicit ],Rap & Hip-Hop,$ 0.99,2013 Mad Decent,4:03,"April 17 , 2009","('ltable_Song_Name', 'ltable_Artist_Name', 'ltable_Album_Name', 'ltable_CopyRight', 'ltable_Time')",0.06290067
171,Raid,Dyro & Rene Kuppens,Dance ( RED ) Save Lives [ Presented By TiÌÇsto ],"Hip-Hop/Rap , Music",$ 0.99,‰ ãÑ 2012 Musical Freedom Label Ltd.,4:03,27-Nov-12,Extra Extra Credit [ Explicit ],Wiz Khalifa,Flight School [ Explicit ],Rap & Hip-Hop,$ 0.99,2013 Mad Decent,4:03,"April 17 , 2009","('ltable_Song_Name', 'ltable_Artist_Name', 'ltable_Album_Name', 'ltable_CopyRight', 'ltable_Released')",0.062892325
172,Raid,Dyro & Rene Kuppens,Dance ( RED ) Save Lives [ Presented By TiÌÇsto ],"Hip-Hop/Rap , Music",$ 0.99,2009 Rostrum Records,6:24,27-Nov-12,Extra Extra Credit [ Explicit ],Wiz Khalifa,Flight School [ Explicit ],Rap & Hip-Hop,$ 0.99,2013 Mad Decent,4:03,"April 17 , 2009","('ltable_Song_Name', 'ltable_Artist_Name', 'ltable_Album_Name', 'ltable_Time', 'ltable_Released')",0.06288131
173,Raid,Dyro & Rene Kuppens,Flight School,"Dance , Music , Electronic",Album Only,‰ ãÑ 2012 Musical Freedom Label Ltd.,4:03,17-Apr-09,Extra Extra Credit [ Explicit ],Wiz Khalifa,Flight School [ Explicit ],Rap & Hip-Hop,$ 0.99,2013 Mad Decent,4:03,"April 17 , 2009","('ltable_Song_Name', 'ltable_Artist_Name', 'ltable_Genre', 'ltable_Price', 'ltable_CopyRight')",0.059128914
174,Raid,Dyro & Rene Kuppens,Flight School,"Dance , Music , Electronic",Album Only,2009 Rostrum Records,6:24,17-Apr-09,Extra Extra Credit [ Explicit ],Wiz Khalifa,Flight School [ Explicit ],Rap & Hip-Hop,$ 0.99,2013 Mad Decent,4:03,"April 17 , 2009","('ltable_Song_Name', 'ltable_Artist_Name', 'ltable_Genre', 'ltable_Price', 'ltable_Time')",0.059118144
175,Raid,Dyro & Rene Kuppens,Flight School,"Dance , Music , Electronic",Album Only,2009 Rostrum Records,4:03,27-Nov-12,Extra Extra Credit [ Explicit ],Wiz Khalifa,Flight School [ Explicit ],Rap & Hip-Hop,$ 0.99,2013 Mad Decent,4:03,"April 17 , 2009","('ltable_Song_Name', 'ltable_Artist_Name', 'ltable_Genre', 'ltable_Price', 'ltable_Released')",0.05911804
176,Raid,Dyro & Rene Kuppens,Flight School,"Dance , Music , Electronic",$ 0.99,‰ ãÑ 2012 Musical Freedom Label Ltd.,6:24,17-Apr-09,Extra Extra Credit [ Explicit ],Wiz Khalifa,Flight School [ Explicit ],Rap & Hip-Hop,$ 0.99,2013 Mad Decent,4:03,"April 17 , 2009","('ltable_Song_Name', 'ltable_Artist_Name', 'ltable_Genre', 'ltable_CopyRight', 'ltable_Time')",0.059098992
177,Raid,Dyro & Rene Kuppens,Flight School,"Dance , Music , Electronic",$ 0.99,‰ ãÑ 2012 Musical Freedom Label Ltd.,4:03,27-Nov-12,Extra Extra Credit [ Explicit ],Wiz Khalifa,Flight School [ Explicit ],Rap & Hip-Hop,$ 0.99,2013 Mad Decent,4:03,"April 17 , 2009","('ltable_Song_Name', 'ltable_Artist_Name', 'ltable_Genre', 'ltable_CopyRight', 'ltable_Released')",0.059099346
178,Raid,Dyro & Rene Kuppens,Flight School,"Dance , Music , Electronic",$ 0.99,2009 Rostrum Records,6:24,27-Nov-12,Extra Extra Credit [ Explicit ],Wiz Khalifa,Flight School [ Explicit ],Rap & Hip-Hop,$ 0.99,2013 Mad Decent,4:03,"April 17 , 2009","('ltable_Song_Name', 'ltable_Artist_Name', 'ltable_Genre', 'ltable_Time', 'ltable_Released')",0.059085533
179,Raid,Dyro & Rene Kuppens,Flight School,"Hip-Hop/Rap , Music",Album Only,‰ ãÑ 2012 Musical Freedom Label Ltd.,6:24,17-Apr-09,Extra Extra Credit [ Explicit ],Wiz Khalifa,Flight School [ Explicit ],Rap & Hip-Hop,$ 0.99,2013 Mad Decent,4:03,"April 17 , 2009","('ltable_Song_Name', 'ltable_Artist_Name', 'ltable_Price', 'ltable_CopyRight', 'ltable_Time')",0.059662312
180,Raid,Dyro & Rene Kuppens,Flight School,"Hip-Hop/Rap , Music",Album Only,‰ ãÑ 2012 Musical Freedom Label Ltd.,4:03,27-Nov-12,Extra Extra Credit [ Explicit ],Wiz Khalifa,Flight School [ Explicit ],Rap & Hip-Hop,$ 0.99,2013 Mad Decent,4:03,"April 17 , 2009","('ltable_Song_Name', 'ltable_Artist_Name', 'ltable_Price', 'ltable_CopyRight', 'ltable_Released')",0.05966273
181,Raid,Dyro & Rene Kuppens,Flight School,"Hip-Hop/Rap , Music",Album Only,2009 Rostrum Records,6:24,27-Nov-12,Extra Extra Credit [ Explicit ],Wiz Khalifa,Flight School [ Explicit ],Rap & Hip-Hop,$ 0.99,2013 Mad Decent,4:03,"April 17 , 2009","('ltable_Song_Name', 'ltable_Artist_Name', 'ltable_Price', 'ltable_Time', 'ltable_Released')",0.05964093
182,Raid,Dyro & Rene Kuppens,Flight School,"Hip-Hop/Rap , Music",$ 0.99,‰ ãÑ 2012 Musical Freedom Label Ltd.,6:24,27-Nov-12,Extra Extra Credit [ Explicit ],Wiz Khalifa,Flight School [ Explicit ],Rap & Hip-Hop,$ 0.99,2013 Mad Decent,4:03,"April 17 , 2009","('ltable_Song_Name', 'ltable_Artist_Name', 'ltable_CopyRight', 'ltable_Time', 'ltable_Released')",0.05961094
183,Raid,Wiz Khalifa,Dance ( RED ) Save Lives [ Presented By TiÌÇsto ],"Dance , Music , Electronic",Album Only,‰ ãÑ 2012 Musical Freedom Label Ltd.,4:03,17-Apr-09,Extra Extra Credit [ Explicit ],Wiz Khalifa,Flight School [ Explicit ],Rap & Hip-Hop,$ 0.99,2013 Mad Decent,4:03,"April 17 , 2009","('ltable_Song_Name', 'ltable_Album_Name', 'ltable_Genre', 'ltable_Price', 'ltable_CopyRight')",0.07008532
184,Raid,Wiz Khalifa,Dance ( RED ) Save Lives [ Presented By TiÌÇsto ],"Dance , Music , Electronic",Album Only,2009 Rostrum Records,6:24,17-Apr-09,Extra Extra Credit [ Explicit ],Wiz Khalifa,Flight School [ Explicit ],Rap & Hip-Hop,$ 0.99,2013 Mad Decent,4:03,"April 17 , 2009","('ltable_Song_Name', 'ltable_Album_Name', 'ltable_Genre', 'ltable_Price', 'ltable_Time')",0.07011952
185,Raid,Wiz Khalifa,Dance ( RED ) Save Lives [ Presented By TiÌÇsto ],"Dance , Music , Electronic",Album Only,2009 Rostrum Records,4:03,27-Nov-12,Extra Extra Credit [ Explicit ],Wiz Khalifa,Flight School [ Explicit ],Rap & Hip-Hop,$ 0.99,2013 Mad Decent,4:03,"April 17 , 2009","('ltable_Song_Name', 'ltable_Album_Name', 'ltable_Genre', 'ltable_Price', 'ltable_Released')",0.07012174
186,Raid,Wiz Khalifa,Dance ( RED ) Save Lives [ Presented By TiÌÇsto ],"Dance , Music , Electronic",$ 0.99,‰ ãÑ 2012 Musical Freedom Label Ltd.,6:24,17-Apr-09,Extra Extra Credit [ Explicit ],Wiz Khalifa,Flight School [ Explicit ],Rap & Hip-Hop,$ 0.99,2013 Mad Decent,4:03,"April 17 , 2009","('ltable_Song_Name', 'ltable_Album_Name', 'ltable_Genre', 'ltable_CopyRight', 'ltable_Time')",0.070169024
187,Raid,Wiz Khalifa,Dance ( RED ) Save Lives [ Presented By TiÌÇsto ],"Dance , Music , Electronic",$ 0.99,‰ ãÑ 2012 Musical Freedom Label Ltd.,4:03,27-Nov-12,Extra Extra Credit [ Explicit ],Wiz Khalifa,Flight School [ Explicit ],Rap & Hip-Hop,$ 0.99,2013 Mad Decent,4:03,"April 17 , 2009","('ltable_Song_Name', 'ltable_Album_Name', 'ltable_Genre', 'ltable_CopyRight', 'ltable_Released')",0.070164554
188,Raid,Wiz Khalifa,Dance ( RED ) Save Lives [ Presented By TiÌÇsto ],"Dance , Music , Electronic",$ 0.99,2009 Rostrum Records,6:24,27-Nov-12,Extra Extra Credit [ Explicit ],Wiz Khalifa,Flight School [ Explicit ],Rap & Hip-Hop,$ 0.99,2013 Mad Decent,4:03,"April 17 , 2009","('ltable_Song_Name', 'ltable_Album_Name', 'ltable_Genre', 'ltable_Time', 'ltable_Released')",0.070123635
189,Raid,Wiz Khalifa,Dance ( RED ) Save Lives [ Presented By TiÌÇsto ],"Hip-Hop/Rap , Music",Album Only,‰ ãÑ 2012 Musical Freedom Label Ltd.,6:24,17-Apr-09,Extra Extra Credit [ Explicit ],Wiz Khalifa,Flight School [ Explicit ],Rap & Hip-Hop,$ 0.99,2013 Mad Decent,4:03,"April 17 , 2009","('ltable_Song_Name', 'ltable_Album_Name', 'ltable_Price', 'ltable_CopyRight', 'ltable_Time')",0.07014855
190,Raid,Wiz Khalifa,Dance ( RED ) Save Lives [ Presented By TiÌÇsto ],"Hip-Hop/Rap , Music",Album Only,‰ ãÑ 2012 Musical Freedom Label Ltd.,4:03,27-Nov-12,Extra Extra Credit [ Explicit ],Wiz Khalifa,Flight School [ Explicit ],Rap & Hip-Hop,$ 0.99,2013 Mad Decent,4:03,"April 17 , 2009","('ltable_Song_Name', 'ltable_Album_Name', 'ltable_Price', 'ltable_CopyRight', 'ltable_Released')",0.07014407
191,Raid,Wiz Khalifa,Dance ( RED ) Save Lives [ Presented By TiÌÇsto ],"Hip-Hop/Rap , Music",Album Only,2009 Rostrum Records,6:24,27-Nov-12,Extra Extra Credit [ Explicit ],Wiz Khalifa,Flight School [ Explicit ],Rap & Hip-Hop,$ 0.99,2013 Mad Decent,4:03,"April 17 , 2009","('ltable_Song_Name', 'ltable_Album_Name', 'ltable_Price', 'ltable_Time', 'ltable_Released')",0.070102714
192,Raid,Wiz Khalifa,Dance ( RED ) Save Lives [ Presented By TiÌÇsto ],"Hip-Hop/Rap , Music",$ 0.99,‰ ãÑ 2012 Musical Freedom Label Ltd.,6:24,27-Nov-12,Extra Extra Credit [ Explicit ],Wiz Khalifa,Flight School [ Explicit ],Rap & Hip-Hop,$ 0.99,2013 Mad Decent,4:03,"April 17 , 2009","('ltable_Song_Name', 'ltable_Album_Name', 'ltable_CopyRight', 'ltable_Time', 'ltable_Released')",0.070125505
193,Raid,Wiz Khalifa,Flight School,"Dance , Music , Electronic",Album Only,‰ ãÑ 2012 Musical Freedom Label Ltd.,6:24,17-Apr-09,Extra Extra Credit [ Explicit ],Wiz Khalifa,Flight School [ Explicit ],Rap & Hip-Hop,$ 0.99,2013 Mad Decent,4:03,"April 17 , 2009","('ltable_Song_Name', 'ltable_Genre', 'ltable_Price', 'ltable_CopyRight', 'ltable_Time')",0.05754891
194,Raid,Wiz Khalifa,Flight School,"Dance , Music , Electronic",Album Only,‰ ãÑ 2012 Musical Freedom Label Ltd.,4:03,27-Nov-12,Extra Extra Credit [ Explicit ],Wiz Khalifa,Flight School [ Explicit ],Rap & Hip-Hop,$ 0.99,2013 Mad Decent,4:03,"April 17 , 2009","('ltable_Song_Name', 'ltable_Genre', 'ltable_Price', 'ltable_CopyRight', 'ltable_Released')",0.05754911
195,Raid,Wiz Khalifa,Flight School,"Dance , Music , Electronic",Album Only,2009 Rostrum Records,6:24,27-Nov-12,Extra Extra Credit [ Explicit ],Wiz Khalifa,Flight School [ Explicit ],Rap & Hip-Hop,$ 0.99,2013 Mad Decent,4:03,"April 17 , 2009","('ltable_Song_Name', 'ltable_Genre', 'ltable_Price', 'ltable_Time', 'ltable_Released')",0.057529494
196,Raid,Wiz Khalifa,Flight School,"Dance , Music , Electronic",$ 0.99,‰ ãÑ 2012 Musical Freedom Label Ltd.,6:24,27-Nov-12,Extra Extra Credit [ Explicit ],Wiz Khalifa,Flight School [ Explicit ],Rap & Hip-Hop,$ 0.99,2013 Mad Decent,4:03,"April 17 , 2009","('ltable_Song_Name', 'ltable_Genre', 'ltable_CopyRight', 'ltable_Time', 'ltable_Released')",0.05748403
197,Raid,Wiz Khalifa,Flight School,"Hip-Hop/Rap , Music",Album Only,‰ ãÑ 2012 Musical Freedom Label Ltd.,6:24,27-Nov-12,Extra Extra Credit [ Explicit ],Wiz Khalifa,Flight School [ Explicit ],Rap & Hip-Hop,$ 0.99,2013 Mad Decent,4:03,"April 17 , 2009","('ltable_Song_Name', 'ltable_Price', 'ltable_CopyRight', 'ltable_Time', 'ltable_Released')",0.058370695
198,Extra Extra Credit,Dyro & Rene Kuppens,Dance ( RED ) Save Lives [ Presented By TiÌÇsto ],"Dance , Music , Electronic",Album Only,‰ ãÑ 2012 Musical Freedom Label Ltd.,4:03,17-Apr-09,Extra Extra Credit [ Explicit ],Wiz Khalifa,Flight School [ Explicit ],Rap & Hip-Hop,$ 0.99,2013 Mad Decent,4:03,"April 17 , 2009","('ltable_Artist_Name', 'ltable_Album_Name', 'ltable_Genre', 'ltable_Price', 'ltable_CopyRight')",0.9953819
199,Extra Extra Credit,Dyro & Rene Kuppens,Dance ( RED ) Save Lives [ Presented By TiÌÇsto ],"Dance , Music , Electronic",Album Only,2009 Rostrum Records,6:24,17-Apr-09,Extra Extra Credit [ Explicit ],Wiz Khalifa,Flight School [ Explicit ],Rap & Hip-Hop,$ 0.99,2013 Mad Decent,4:03,"April 17 , 2009","('ltable_Artist_Name', 'ltable_Album_Name', 'ltable_Genre', 'ltable_Price', 'ltable_Time')",0.99542254
200,Extra Extra Credit,Dyro & Rene Kuppens,Dance ( RED ) Save Lives [ Presented By TiÌÇsto ],"Dance , Music , Electronic",Album Only,2009 Rostrum Records,4:03,27-Nov-12,Extra Extra Credit [ Explicit ],Wiz Khalifa,Flight School [ Explicit ],Rap & Hip-Hop,$ 0.99,2013 Mad Decent,4:03,"April 17 , 2009","('ltable_Artist_Name', 'ltable_Album_Name', 'ltable_Genre', 'ltable_Price', 'ltable_Released')",0.995424
201,Extra Extra Credit,Dyro & Rene Kuppens,Dance ( RED ) Save Lives [ Presented By TiÌÇsto ],"Dance , Music , Electronic",$ 0.99,‰ ãÑ 2012 Musical Freedom Label Ltd.,6:24,17-Apr-09,Extra Extra Credit [ Explicit ],Wiz Khalifa,Flight School [ Explicit ],Rap & Hip-Hop,$ 0.99,2013 Mad Decent,4:03,"April 17 , 2009","('ltable_Artist_Name', 'ltable_Album_Name', 'ltable_Genre', 'ltable_CopyRight', 'ltable_Time')",0.995413
202,Extra Extra Credit,Dyro & Rene Kuppens,Dance ( RED ) Save Lives [ Presented By TiÌÇsto ],"Dance , Music , Electronic",$ 0.99,‰ ãÑ 2012 Musical Freedom Label Ltd.,4:03,27-Nov-12,Extra Extra Credit [ Explicit ],Wiz Khalifa,Flight School [ Explicit ],Rap & Hip-Hop,$ 0.99,2013 Mad Decent,4:03,"April 17 , 2009","('ltable_Artist_Name', 'ltable_Album_Name', 'ltable_Genre', 'ltable_CopyRight', 'ltable_Released')",0.99540895
203,Extra Extra Credit,Dyro & Rene Kuppens,Dance ( RED ) Save Lives [ Presented By TiÌÇsto ],"Dance , Music , Electronic",$ 0.99,2009 Rostrum Records,6:24,27-Nov-12,Extra Extra Credit [ Explicit ],Wiz Khalifa,Flight School [ Explicit ],Rap & Hip-Hop,$ 0.99,2013 Mad Decent,4:03,"April 17 , 2009","('ltable_Artist_Name', 'ltable_Album_Name', 'ltable_Genre', 'ltable_Time', 'ltable_Released')",0.99541336
204,Extra Extra Credit,Dyro & Rene Kuppens,Dance ( RED ) Save Lives [ Presented By TiÌÇsto ],"Hip-Hop/Rap , Music",Album Only,‰ ãÑ 2012 Musical Freedom Label Ltd.,6:24,17-Apr-09,Extra Extra Credit [ Explicit ],Wiz Khalifa,Flight School [ Explicit ],Rap & Hip-Hop,$ 0.99,2013 Mad Decent,4:03,"April 17 , 2009","('ltable_Artist_Name', 'ltable_Album_Name', 'ltable_Price', 'ltable_CopyRight', 'ltable_Time')",0.9954131
205,Extra Extra Credit,Dyro & Rene Kuppens,Dance ( RED ) Save Lives [ Presented By TiÌÇsto ],"Hip-Hop/Rap , Music",Album Only,‰ ãÑ 2012 Musical Freedom Label Ltd.,4:03,27-Nov-12,Extra Extra Credit [ Explicit ],Wiz Khalifa,Flight School [ Explicit ],Rap & Hip-Hop,$ 0.99,2013 Mad Decent,4:03,"April 17 , 2009","('ltable_Artist_Name', 'ltable_Album_Name', 'ltable_Price', 'ltable_CopyRight', 'ltable_Released')",0.99540895
206,Extra Extra Credit,Dyro & Rene Kuppens,Dance ( RED ) Save Lives [ Presented By TiÌÇsto ],"Hip-Hop/Rap , Music",Album Only,2009 Rostrum Records,6:24,27-Nov-12,Extra Extra Credit [ Explicit ],Wiz Khalifa,Flight School [ Explicit ],Rap & Hip-Hop,$ 0.99,2013 Mad Decent,4:03,"April 17 , 2009","('ltable_Artist_Name', 'ltable_Album_Name', 'ltable_Price', 'ltable_Time', 'ltable_Released')",0.99541336
207,Extra Extra Credit,Dyro & Rene Kuppens,Dance ( RED ) Save Lives [ Presented By TiÌÇsto ],"Hip-Hop/Rap , Music",$ 0.99,‰ ãÑ 2012 Musical Freedom Label Ltd.,6:24,27-Nov-12,Extra Extra Credit [ Explicit ],Wiz Khalifa,Flight School [ Explicit ],Rap & Hip-Hop,$ 0.99,2013 Mad Decent,4:03,"April 17 , 2009","('ltable_Artist_Name', 'ltable_Album_Name', 'ltable_CopyRight', 'ltable_Time', 'ltable_Released')",0.9954319
208,Extra Extra Credit,Dyro & Rene Kuppens,Flight School,"Dance , Music , Electronic",Album Only,‰ ãÑ 2012 Musical Freedom Label Ltd.,6:24,17-Apr-09,Extra Extra Credit [ Explicit ],Wiz Khalifa,Flight School [ Explicit ],Rap & Hip-Hop,$ 0.99,2013 Mad Decent,4:03,"April 17 , 2009","('ltable_Artist_Name', 'ltable_Genre', 'ltable_Price', 'ltable_CopyRight', 'ltable_Time')",0.99542916
209,Extra Extra Credit,Dyro & Rene Kuppens,Flight School,"Dance , Music , Electronic",Album Only,‰ ãÑ 2012 Musical Freedom Label Ltd.,4:03,27-Nov-12,Extra Extra Credit [ Explicit ],Wiz Khalifa,Flight School [ Explicit ],Rap & Hip-Hop,$ 0.99,2013 Mad Decent,4:03,"April 17 , 2009","('ltable_Artist_Name', 'ltable_Genre', 'ltable_Price', 'ltable_CopyRight', 'ltable_Released')",0.9954293
210,Extra Extra Credit,Dyro & Rene Kuppens,Flight School,"Dance , Music , Electronic",Album Only,2009 Rostrum Records,6:24,27-Nov-12,Extra Extra Credit [ Explicit ],Wiz Khalifa,Flight School [ Explicit ],Rap & Hip-Hop,$ 0.99,2013 Mad Decent,4:03,"April 17 , 2009","('ltable_Artist_Name', 'ltable_Genre', 'ltable_Price', 'ltable_Time', 'ltable_Released')",0.9954288
211,Extra Extra Credit,Dyro & Rene Kuppens,Flight School,"Dance , Music , Electronic",$ 0.99,‰ ãÑ 2012 Musical Freedom Label Ltd.,6:24,27-Nov-12,Extra Extra Credit [ Explicit ],Wiz Khalifa,Flight School [ Explicit ],Rap & Hip-Hop,$ 0.99,2013 Mad Decent,4:03,"April 17 , 2009","('ltable_Artist_Name', 'ltable_Genre', 'ltable_CopyRight', 'ltable_Time', 'ltable_Released')",0.99542797
212,Extra Extra Credit,Dyro & Rene Kuppens,Flight School,"Hip-Hop/Rap , Music",Album Only,‰ ãÑ 2012 Musical Freedom Label Ltd.,6:24,27-Nov-12,Extra Extra Credit [ Explicit ],Wiz Khalifa,Flight School [ Explicit ],Rap & Hip-Hop,$ 0.99,2013 Mad Decent,4:03,"April 17 , 2009","('ltable_Artist_Name', 'ltable_Price', 'ltable_CopyRight', 'ltable_Time', 'ltable_Released')",0.99542624
213,Extra Extra Credit,Wiz Khalifa,Dance ( RED ) Save Lives [ Presented By TiÌÇsto ],"Dance , Music , Electronic",Album Only,‰ ãÑ 2012 Musical Freedom Label Ltd.,6:24,17-Apr-09,Extra Extra Credit [ Explicit ],Wiz Khalifa,Flight School [ Explicit ],Rap & Hip-Hop,$ 0.99,2013 Mad Decent,4:03,"April 17 , 2009","('ltable_Album_Name', 'ltable_Genre', 'ltable_Price', 'ltable_CopyRight', 'ltable_Time')",0.994935
214,Extra Extra Credit,Wiz Khalifa,Dance ( RED ) Save Lives [ Presented By TiÌÇsto ],"Dance , Music , Electronic",Album Only,‰ ãÑ 2012 Musical Freedom Label Ltd.,4:03,27-Nov-12,Extra Extra Credit [ Explicit ],Wiz Khalifa,Flight School [ Explicit ],Rap & Hip-Hop,$ 0.99,2013 Mad Decent,4:03,"April 17 , 2009","('ltable_Album_Name', 'ltable_Genre', 'ltable_Price', 'ltable_CopyRight', 'ltable_Released')",0.99493176
215,Extra Extra Credit,Wiz Khalifa,Dance ( RED ) Save Lives [ Presented By TiÌÇsto ],"Dance , Music , Electronic",Album Only,2009 Rostrum Records,6:24,27-Nov-12,Extra Extra Credit [ Explicit ],Wiz Khalifa,Flight School [ Explicit ],Rap & Hip-Hop,$ 0.99,2013 Mad Decent,4:03,"April 17 , 2009","('ltable_Album_Name', 'ltable_Genre', 'ltable_Price', 'ltable_Time', 'ltable_Released')",0.9949181
216,Extra Extra Credit,Wiz Khalifa,Dance ( RED ) Save Lives [ Presented By TiÌÇsto ],"Dance , Music , Electronic",$ 0.99,‰ ãÑ 2012 Musical Freedom Label Ltd.,6:24,27-Nov-12,Extra Extra Credit [ Explicit ],Wiz Khalifa,Flight School [ Explicit ],Rap & Hip-Hop,$ 0.99,2013 Mad Decent,4:03,"April 17 , 2009","('ltable_Album_Name', 'ltable_Genre', 'ltable_CopyRight', 'ltable_Time', 'ltable_Released')",0.99493366
217,Extra Extra Credit,Wiz Khalifa,Dance ( RED ) Save Lives [ Presented By TiÌÇsto ],"Hip-Hop/Rap , Music",Album Only,‰ ãÑ 2012 Musical Freedom Label Ltd.,6:24,27-Nov-12,Extra Extra Credit [ Explicit ],Wiz Khalifa,Flight School [ Explicit ],Rap & Hip-Hop,$ 0.99,2013 Mad Decent,4:03,"April 17 , 2009","('ltable_Album_Name', 'ltable_Price', 'ltable_CopyRight', 'ltable_Time', 'ltable_Released')",0.9949339
218,Extra Extra Credit,Wiz Khalifa,Flight School,"Dance , Music , Electronic",Album Only,‰ ãÑ 2012 Musical Freedom Label Ltd.,6:24,27-Nov-12,Extra Extra Credit [ Explicit ],Wiz Khalifa,Flight School [ Explicit ],Rap & Hip-Hop,$ 0.99,2013 Mad Decent,4:03,"April 17 , 2009","('ltable_Genre', 'ltable_Price', 'ltable_CopyRight', 'ltable_Time', 'ltable_Released')",0.99500966
219,Raid,Dyro & Rene Kuppens,Dance ( RED ) Save Lives [ Presented By TiÌÇsto ],"Dance , Music , Electronic",Album Only,‰ ãÑ 2012 Musical Freedom Label Ltd.,4:03,17-Apr-09,Extra Extra Credit [ Explicit ],Wiz Khalifa,Flight School [ Explicit ],Rap & Hip-Hop,$ 0.99,2013 Mad Decent,4:03,"April 17 , 2009","('ltable_Song_Name', 'ltable_Artist_Name', 'ltable_Album_Name', 'ltable_Genre', 'ltable_Price', 'ltable_CopyRight')",0.06436794
220,Raid,Dyro & Rene Kuppens,Dance ( RED ) Save Lives [ Presented By TiÌÇsto ],"Dance , Music , Electronic",Album Only,2009 Rostrum Records,6:24,17-Apr-09,Extra Extra Credit [ Explicit ],Wiz Khalifa,Flight School [ Explicit ],Rap & Hip-Hop,$ 0.99,2013 Mad Decent,4:03,"April 17 , 2009","('ltable_Song_Name', 'ltable_Artist_Name', 'ltable_Album_Name', 'ltable_Genre', 'ltable_Price', 'ltable_Time')",0.06439426
221,Raid,Dyro & Rene Kuppens,Dance ( RED ) Save Lives [ Presented By TiÌÇsto ],"Dance , Music , Electronic",Album Only,2009 Rostrum Records,4:03,27-Nov-12,Extra Extra Credit [ Explicit ],Wiz Khalifa,Flight School [ Explicit ],Rap & Hip-Hop,$ 0.99,2013 Mad Decent,4:03,"April 17 , 2009","('ltable_Song_Name', 'ltable_Artist_Name', 'ltable_Album_Name', 'ltable_Genre', 'ltable_Price', 'ltable_Released')",0.06439276
222,Raid,Dyro & Rene Kuppens,Dance ( RED ) Save Lives [ Presented By TiÌÇsto ],"Dance , Music , Electronic",$ 0.99,‰ ãÑ 2012 Musical Freedom Label Ltd.,6:24,17-Apr-09,Extra Extra Credit [ Explicit ],Wiz Khalifa,Flight School [ Explicit ],Rap & Hip-Hop,$ 0.99,2013 Mad Decent,4:03,"April 17 , 2009","('ltable_Song_Name', 'ltable_Artist_Name', 'ltable_Album_Name', 'ltable_Genre', 'ltable_CopyRight', 'ltable_Time')",0.0642556
223,Raid,Dyro & Rene Kuppens,Dance ( RED ) Save Lives [ Presented By TiÌÇsto ],"Dance , Music , Electronic",$ 0.99,‰ ãÑ 2012 Musical Freedom Label Ltd.,4:03,27-Nov-12,Extra Extra Credit [ Explicit ],Wiz Khalifa,Flight School [ Explicit ],Rap & Hip-Hop,$ 0.99,2013 Mad Decent,4:03,"April 17 , 2009","('ltable_Song_Name', 'ltable_Artist_Name', 'ltable_Album_Name', 'ltable_Genre', 'ltable_CopyRight', 'ltable_Released')",0.06425531
224,Raid,Dyro & Rene Kuppens,Dance ( RED ) Save Lives [ Presented By TiÌÇsto ],"Dance , Music , Electronic",$ 0.99,2009 Rostrum Records,6:24,27-Nov-12,Extra Extra Credit [ Explicit ],Wiz Khalifa,Flight School [ Explicit ],Rap & Hip-Hop,$ 0.99,2013 Mad Decent,4:03,"April 17 , 2009","('ltable_Song_Name', 'ltable_Artist_Name', 'ltable_Album_Name', 'ltable_Genre', 'ltable_Time', 'ltable_Released')",0.06435926
225,Raid,Dyro & Rene Kuppens,Dance ( RED ) Save Lives [ Presented By TiÌÇsto ],"Hip-Hop/Rap , Music",Album Only,‰ ãÑ 2012 Musical Freedom Label Ltd.,6:24,17-Apr-09,Extra Extra Credit [ Explicit ],Wiz Khalifa,Flight School [ Explicit ],Rap & Hip-Hop,$ 0.99,2013 Mad Decent,4:03,"April 17 , 2009","('ltable_Song_Name', 'ltable_Artist_Name', 'ltable_Album_Name', 'ltable_Price', 'ltable_CopyRight', 'ltable_Time')",0.06425202
226,Raid,Dyro & Rene Kuppens,Dance ( RED ) Save Lives [ Presented By TiÌÇsto ],"Hip-Hop/Rap , Music",Album Only,‰ ãÑ 2012 Musical Freedom Label Ltd.,4:03,27-Nov-12,Extra Extra Credit [ Explicit ],Wiz Khalifa,Flight School [ Explicit ],Rap & Hip-Hop,$ 0.99,2013 Mad Decent,4:03,"April 17 , 2009","('ltable_Song_Name', 'ltable_Artist_Name', 'ltable_Album_Name', 'ltable_Price', 'ltable_CopyRight', 'ltable_Released')",0.06425173
227,Raid,Dyro & Rene Kuppens,Dance ( RED ) Save Lives [ Presented By TiÌÇsto ],"Hip-Hop/Rap , Music",Album Only,2009 Rostrum Records,6:24,27-Nov-12,Extra Extra Credit [ Explicit ],Wiz Khalifa,Flight School [ Explicit ],Rap & Hip-Hop,$ 0.99,2013 Mad Decent,4:03,"April 17 , 2009","('ltable_Song_Name', 'ltable_Artist_Name', 'ltable_Album_Name', 'ltable_Price', 'ltable_Time', 'ltable_Released')",0.06435556
228,Raid,Dyro & Rene Kuppens,Dance ( RED ) Save Lives [ Presented By TiÌÇsto ],"Hip-Hop/Rap , Music",$ 0.99,‰ ãÑ 2012 Musical Freedom Label Ltd.,6:24,27-Nov-12,Extra Extra Credit [ Explicit ],Wiz Khalifa,Flight School [ Explicit ],Rap & Hip-Hop,$ 0.99,2013 Mad Decent,4:03,"April 17 , 2009","('ltable_Song_Name', 'ltable_Artist_Name', 'ltable_Album_Name', 'ltable_CopyRight', 'ltable_Time', 'ltable_Released')",0.06434941
229,Raid,Dyro & Rene Kuppens,Flight School,"Dance , Music , Electronic",Album Only,‰ ãÑ 2012 Musical Freedom Label Ltd.,6:24,17-Apr-09,Extra Extra Credit [ Explicit ],Wiz Khalifa,Flight School [ Explicit ],Rap & Hip-Hop,$ 0.99,2013 Mad Decent,4:03,"April 17 , 2009","('ltable_Song_Name', 'ltable_Artist_Name', 'ltable_Genre', 'ltable_Price', 'ltable_CopyRight', 'ltable_Time')",0.060473584
230,Raid,Dyro & Rene Kuppens,Flight School,"Dance , Music , Electronic",Album Only,‰ ãÑ 2012 Musical Freedom Label Ltd.,4:03,27-Nov-12,Extra Extra Credit [ Explicit ],Wiz Khalifa,Flight School [ Explicit ],Rap & Hip-Hop,$ 0.99,2013 Mad Decent,4:03,"April 17 , 2009","('ltable_Song_Name', 'ltable_Artist_Name', 'ltable_Genre', 'ltable_Price', 'ltable_CopyRight', 'ltable_Released')",0.060473368
231,Raid,Dyro & Rene Kuppens,Flight School,"Dance , Music , Electronic",Album Only,2009 Rostrum Records,6:24,27-Nov-12,Extra Extra Credit [ Explicit ],Wiz Khalifa,Flight School [ Explicit ],Rap & Hip-Hop,$ 0.99,2013 Mad Decent,4:03,"April 17 , 2009","('ltable_Song_Name', 'ltable_Artist_Name', 'ltable_Genre', 'ltable_Price', 'ltable_Time', 'ltable_Released')",0.06046131
232,Raid,Dyro & Rene Kuppens,Flight School,"Dance , Music , Electronic",$ 0.99,‰ ãÑ 2012 Musical Freedom Label Ltd.,6:24,27-Nov-12,Extra Extra Credit [ Explicit ],Wiz Khalifa,Flight School [ Explicit ],Rap & Hip-Hop,$ 0.99,2013 Mad Decent,4:03,"April 17 , 2009","('ltable_Song_Name', 'ltable_Artist_Name', 'ltable_Genre', 'ltable_CopyRight', 'ltable_Time', 'ltable_Released')",0.06044237
233,Raid,Dyro & Rene Kuppens,Flight School,"Hip-Hop/Rap , Music",Album Only,‰ ãÑ 2012 Musical Freedom Label Ltd.,6:24,27-Nov-12,Extra Extra Credit [ Explicit ],Wiz Khalifa,Flight School [ Explicit ],Rap & Hip-Hop,$ 0.99,2013 Mad Decent,4:03,"April 17 , 2009","('ltable_Song_Name', 'ltable_Artist_Name', 'ltable_Price', 'ltable_CopyRight', 'ltable_Time', 'ltable_Released')",0.061025165
234,Raid,Wiz Khalifa,Dance ( RED ) Save Lives [ Presented By TiÌÇsto ],"Dance , Music , Electronic",Album Only,‰ ãÑ 2012 Musical Freedom Label Ltd.,6:24,17-Apr-09,Extra Extra Credit [ Explicit ],Wiz Khalifa,Flight School [ Explicit ],Rap & Hip-Hop,$ 0.99,2013 Mad Decent,4:03,"April 17 , 2009","('ltable_Song_Name', 'ltable_Album_Name', 'ltable_Genre', 'ltable_Price', 'ltable_CopyRight', 'ltable_Time')",0.07178763
235,Raid,Wiz Khalifa,Dance ( RED ) Save Lives [ Presented By TiÌÇsto ],"Dance , Music , Electronic",Album Only,‰ ãÑ 2012 Musical Freedom Label Ltd.,4:03,27-Nov-12,Extra Extra Credit [ Explicit ],Wiz Khalifa,Flight School [ Explicit ],Rap & Hip-Hop,$ 0.99,2013 Mad Decent,4:03,"April 17 , 2009","('ltable_Song_Name', 'ltable_Album_Name', 'ltable_Genre', 'ltable_Price', 'ltable_CopyRight', 'ltable_Released')",0.07177578
236,Raid,Wiz Khalifa,Dance ( RED ) Save Lives [ Presented By TiÌÇsto ],"Dance , Music , Electronic",Album Only,2009 Rostrum Records,6:24,27-Nov-12,Extra Extra Credit [ Explicit ],Wiz Khalifa,Flight School [ Explicit ],Rap & Hip-Hop,$ 0.99,2013 Mad Decent,4:03,"April 17 , 2009","('ltable_Song_Name', 'ltable_Album_Name', 'ltable_Genre', 'ltable_Price', 'ltable_Time', 'ltable_Released')",0.071831584
237,Raid,Wiz Khalifa,Dance ( RED ) Save Lives [ Presented By TiÌÇsto ],"Dance , Music , Electronic",$ 0.99,‰ ãÑ 2012 Musical Freedom Label Ltd.,6:24,27-Nov-12,Extra Extra Credit [ Explicit ],Wiz Khalifa,Flight School [ Explicit ],Rap & Hip-Hop,$ 0.99,2013 Mad Decent,4:03,"April 17 , 2009","('ltable_Song_Name', 'ltable_Album_Name', 'ltable_Genre', 'ltable_CopyRight', 'ltable_Time', 'ltable_Released')",0.071883425
238,Raid,Wiz Khalifa,Dance ( RED ) Save Lives [ Presented By TiÌÇsto ],"Hip-Hop/Rap , Music",Album Only,‰ ãÑ 2012 Musical Freedom Label Ltd.,6:24,27-Nov-12,Extra Extra Credit [ Explicit ],Wiz Khalifa,Flight School [ Explicit ],Rap & Hip-Hop,$ 0.99,2013 Mad Decent,4:03,"April 17 , 2009","('ltable_Song_Name', 'ltable_Album_Name', 'ltable_Price', 'ltable_CopyRight', 'ltable_Time', 'ltable_Released')",0.07186246
239,Raid,Wiz Khalifa,Flight School,"Dance , Music , Electronic",Album Only,‰ ãÑ 2012 Musical Freedom Label Ltd.,6:24,27-Nov-12,Extra Extra Credit [ Explicit ],Wiz Khalifa,Flight School [ Explicit ],Rap & Hip-Hop,$ 0.99,2013 Mad Decent,4:03,"April 17 , 2009","('ltable_Song_Name', 'ltable_Genre', 'ltable_Price', 'ltable_CopyRight', 'ltable_Time', 'ltable_Released')",0.058949396
240,Extra Extra Credit,Dyro & Rene Kuppens,Dance ( RED ) Save Lives [ Presented By TiÌÇsto ],"Dance , Music , Electronic",Album Only,‰ ãÑ 2012 Musical Freedom Label Ltd.,6:24,17-Apr-09,Extra Extra Credit [ Explicit ],Wiz Khalifa,Flight School [ Explicit ],Rap & Hip-Hop,$ 0.99,2013 Mad Decent,4:03,"April 17 , 2009","('ltable_Artist_Name', 'ltable_Album_Name', 'ltable_Genre', 'ltable_Price', 'ltable_CopyRight', 'ltable_Time')",0.99546295
241,Extra Extra Credit,Dyro & Rene Kuppens,Dance ( RED ) Save Lives [ Presented By TiÌÇsto ],"Dance , Music , Electronic",Album Only,‰ ãÑ 2012 Musical Freedom Label Ltd.,4:03,27-Nov-12,Extra Extra Credit [ Explicit ],Wiz Khalifa,Flight School [ Explicit ],Rap & Hip-Hop,$ 0.99,2013 Mad Decent,4:03,"April 17 , 2009","('ltable_Artist_Name', 'ltable_Album_Name', 'ltable_Genre', 'ltable_Price', 'ltable_CopyRight', 'ltable_Released')",0.9954657
242,Extra Extra Credit,Dyro & Rene Kuppens,Dance ( RED ) Save Lives [ Presented By TiÌÇsto ],"Dance , Music , Electronic",Album Only,2009 Rostrum Records,6:24,27-Nov-12,Extra Extra Credit [ Explicit ],Wiz Khalifa,Flight School [ Explicit ],Rap & Hip-Hop,$ 0.99,2013 Mad Decent,4:03,"April 17 , 2009","('ltable_Artist_Name', 'ltable_Album_Name', 'ltable_Genre', 'ltable_Price', 'ltable_Time', 'ltable_Released')",0.99551153
243,Extra Extra Credit,Dyro & Rene Kuppens,Dance ( RED ) Save Lives [ Presented By TiÌÇsto ],"Dance , Music , Electronic",$ 0.99,‰ ãÑ 2012 Musical Freedom Label Ltd.,6:24,27-Nov-12,Extra Extra Credit [ Explicit ],Wiz Khalifa,Flight School [ Explicit ],Rap & Hip-Hop,$ 0.99,2013 Mad Decent,4:03,"April 17 , 2009","('ltable_Artist_Name', 'ltable_Album_Name', 'ltable_Genre', 'ltable_CopyRight', 'ltable_Time', 'ltable_Released')",0.995494
244,Extra Extra Credit,Dyro & Rene Kuppens,Dance ( RED ) Save Lives [ Presented By TiÌÇsto ],"Hip-Hop/Rap , Music",Album Only,‰ ãÑ 2012 Musical Freedom Label Ltd.,6:24,27-Nov-12,Extra Extra Credit [ Explicit ],Wiz Khalifa,Flight School [ Explicit ],Rap & Hip-Hop,$ 0.99,2013 Mad Decent,4:03,"April 17 , 2009","('ltable_Artist_Name', 'ltable_Album_Name', 'ltable_Price', 'ltable_CopyRight', 'ltable_Time', 'ltable_Released')",0.995494
245,Extra Extra Credit,Dyro & Rene Kuppens,Flight School,"Dance , Music , Electronic",Album Only,‰ ãÑ 2012 Musical Freedom Label Ltd.,6:24,27-Nov-12,Extra Extra Credit [ Explicit ],Wiz Khalifa,Flight School [ Explicit ],Rap & Hip-Hop,$ 0.99,2013 Mad Decent,4:03,"April 17 , 2009","('ltable_Artist_Name', 'ltable_Genre', 'ltable_Price', 'ltable_CopyRight', 'ltable_Time', 'ltable_Released')",0.99551564
246,Extra Extra Credit,Wiz Khalifa,Dance ( RED ) Save Lives [ Presented By TiÌÇsto ],"Dance , Music , Electronic",Album Only,‰ ãÑ 2012 Musical Freedom Label Ltd.,6:24,27-Nov-12,Extra Extra Credit [ Explicit ],Wiz Khalifa,Flight School [ Explicit ],Rap & Hip-Hop,$ 0.99,2013 Mad Decent,4:03,"April 17 , 2009","('ltable_Album_Name', 'ltable_Genre', 'ltable_Price', 'ltable_CopyRight', 'ltable_Time', 'ltable_Released')",0.99503255
247,Raid,Dyro & Rene Kuppens,Dance ( RED ) Save Lives [ Presented By TiÌÇsto ],"Dance , Music , Electronic",Album Only,‰ ãÑ 2012 Musical Freedom Label Ltd.,6:24,17-Apr-09,Extra Extra Credit [ Explicit ],Wiz Khalifa,Flight School [ Explicit ],Rap & Hip-Hop,$ 0.99,2013 Mad Decent,4:03,"April 17 , 2009","('ltable_Song_Name', 'ltable_Artist_Name', 'ltable_Album_Name', 'ltable_Genre', 'ltable_Price', 'ltable_CopyRight', 'ltable_Time')",0.06306458
248,Raid,Dyro & Rene Kuppens,Dance ( RED ) Save Lives [ Presented By TiÌÇsto ],"Dance , Music , Electronic",Album Only,‰ ãÑ 2012 Musical Freedom Label Ltd.,4:03,27-Nov-12,Extra Extra Credit [ Explicit ],Wiz Khalifa,Flight School [ Explicit ],Rap & Hip-Hop,$ 0.99,2013 Mad Decent,4:03,"April 17 , 2009","('ltable_Song_Name', 'ltable_Artist_Name', 'ltable_Album_Name', 'ltable_Genre', 'ltable_Price', 'ltable_CopyRight', 'ltable_Released')",0.06309015
249,Raid,Dyro & Rene Kuppens,Dance ( RED ) Save Lives [ Presented By TiÌÇsto ],"Dance , Music , Electronic",Album Only,2009 Rostrum Records,6:24,27-Nov-12,Extra Extra Credit [ Explicit ],Wiz Khalifa,Flight School [ Explicit ],Rap & Hip-Hop,$ 0.99,2013 Mad Decent,4:03,"April 17 , 2009","('ltable_Song_Name', 'ltable_Artist_Name', 'ltable_Album_Name', 'ltable_Genre', 'ltable_Price', 'ltable_Time', 'ltable_Released')",0.06306444
250,Raid,Dyro & Rene Kuppens,Dance ( RED ) Save Lives [ Presented By TiÌÇsto ],"Dance , Music , Electronic",$ 0.99,‰ ãÑ 2012 Musical Freedom Label Ltd.,6:24,27-Nov-12,Extra Extra Credit [ Explicit ],Wiz Khalifa,Flight School [ Explicit ],Rap & Hip-Hop,$ 0.99,2013 Mad Decent,4:03,"April 17 , 2009","('ltable_Song_Name', 'ltable_Artist_Name', 'ltable_Album_Name', 'ltable_Genre', 'ltable_CopyRight', 'ltable_Time', 'ltable_Released')",0.062944084
251,Raid,Dyro & Rene Kuppens,Dance ( RED ) Save Lives [ Presented By TiÌÇsto ],"Hip-Hop/Rap , Music",Album Only,‰ ãÑ 2012 Musical Freedom Label Ltd.,6:24,27-Nov-12,Extra Extra Credit [ Explicit ],Wiz Khalifa,Flight School [ Explicit ],Rap & Hip-Hop,$ 0.99,2013 Mad Decent,4:03,"April 17 , 2009","('ltable_Song_Name', 'ltable_Artist_Name', 'ltable_Album_Name', 'ltable_Price', 'ltable_CopyRight', 'ltable_Time', 'ltable_Released')",0.06294061
252,Raid,Dyro & Rene Kuppens,Flight School,"Dance , Music , Electronic",Album Only,‰ ãÑ 2012 Musical Freedom Label Ltd.,6:24,27-Nov-12,Extra Extra Credit [ Explicit ],Wiz Khalifa,Flight School [ Explicit ],Rap & Hip-Hop,$ 0.99,2013 Mad Decent,4:03,"April 17 , 2009","('ltable_Song_Name', 'ltable_Artist_Name', 'ltable_Genre', 'ltable_Price', 'ltable_CopyRight', 'ltable_Time', 'ltable_Released')",0.05924761
253,Raid,Wiz Khalifa,Dance ( RED ) Save Lives [ Presented By TiÌÇsto ],"Dance , Music , Electronic",Album Only,‰ ãÑ 2012 Musical Freedom Label Ltd.,6:24,27-Nov-12,Extra Extra Credit [ Explicit ],Wiz Khalifa,Flight School [ Explicit ],Rap & Hip-Hop,$ 0.99,2013 Mad Decent,4:03,"April 17 , 2009","('ltable_Song_Name', 'ltable_Album_Name', 'ltable_Genre', 'ltable_Price', 'ltable_CopyRight', 'ltable_Time', 'ltable_Released')",0.07021442
254,Extra Extra Credit,Dyro & Rene Kuppens,Dance ( RED ) Save Lives [ Presented By TiÌÇsto ],"Dance , Music , Electronic",Album Only,‰ ãÑ 2012 Musical Freedom Label Ltd.,6:24,27-Nov-12,Extra Extra Credit [ Explicit ],Wiz Khalifa,Flight School [ Explicit ],Rap & Hip-Hop,$ 0.99,2013 Mad Decent,4:03,"April 17 , 2009","('ltable_Artist_Name', 'ltable_Album_Name', 'ltable_Genre', 'ltable_Price', 'ltable_CopyRight', 'ltable_Time', 'ltable_Released')",0.99539953
